cvegeo_inegi,cve_ent,estado,municipio,lat_centroid,lon_centroid,n_fires
01001,1,aguascalientes,aguascalientes,21.831835676042854,-102.28555927367273,293
01002,1,aguascalientes,asientos,22.124931666666665,-102.07701266666665,25
01003,1,aguascalientes,calvillo,21.856554089278752,-102.72246320229048,57
01004,1,aguascalientes,cosa­o,22.346544431111102,-102.3175177244444,5
01005,1,aguascalientes,jesaºs mara­a,21.942711205273067,-102.43040838041428,59
01006,1,aguascalientes,pabella³n de arteaga,22.097197023809525,-102.3487186507937,28
01007,1,aguascalientes,rinca³n de romos,22.223732983333335,-102.3545744212777,50
01008,1,aguascalientes,san josa© de gracia,22.122902237345684,-102.47287616975312,36
01009,1,aguascalientes,tepezala¡,22.207775617283957,-102.1753117283951,9
01010,1,aguascalientes,el llano,21.873880901388887,-102.10113785185182,24
01011,1,aguascalientes,san francisco de los romo,22.004742315555557,-102.21707303888887,60
02001,2,baja california,ensenada,31.733150910424182,-116.30742130637128,647
02002,2,baja california,mexicali,32.13765332888888,-115.3621255333334,5
02003,2,baja california,tecate,32.48258340398382,-116.49176013507625,357
02004,2,baja california,tijuana,32.44603112361111,-116.7991967032828,88
02005,2,baja california,playas de rosarito,32.29256449275363,-116.92212753623194,23
02006,2,baja california,san quinta­n,30.567390690555555,-115.87731274444438,20
03001,3,baja california sur,comondaº,25.094356045751642,-111.70042745098047,17
03002,3,baja california sur,mulega©,27.16297747037038,-112.66047606790123,18
03003,3,baja california sur,la paz,23.828581547089954,-110.25354134920632,42
03008,3,baja california sur,los cabos,23.21022978773946,-109.71063121072801,29
03009,3,baja california sur,loreto,25.94061111111111,-111.35705,1
04001,4,campeche,calkina­,20.45210233448038,-90.3219207029585,17
04002,4,campeche,campeche,19.810512168954254,-90.38728336973857,17
04003,4,campeche,carmen,18.535025091428565,-91.65153553534392,21
04004,4,campeche,champota³n,18.941152598315412,-90.42677365620071,31
04005,4,campeche,hecelchaka¡n,20.159652380952398,-90.33663611111113,7
04006,4,campeche,hopelcha©n,19.214239283864735,-89.30629902864733,46
04007,4,campeche,palizada,18.40729802,-92.06505303055556,22
04008,4,campeche,tenabo,19.972747227777802,-90.3121583222222,2
04009,4,campeche,esca¡rcega,18.686055399462365,-90.34469474286739,31
04010,4,campeche,calakmul,18.45546811641975,-89.46290854543211,36
04011,4,campeche,candelaria,18.118594213333324,-90.43696435175927,12
04012,4,campeche,seybaplaya,19.6624166666667,-90.6516388888889,1
05001,5,coahuila,abasolo,27.19831944444445,-101.3225416666665,2
05002,5,coahuila,acua±a,29.297040779111118,-101.95106899999999,50
05003,5,coahuila,allende,28.32545,-100.893341666667,1
05004,5,coahuila,arteaga,25.34914122627206,-100.66654545586705,107
05005,5,coahuila,candela,26.854804166666668,-100.79824768518525,12
05006,5,coahuila,castaa±os,26.586973181818184,-101.3955808080808,55
05007,5,coahuila,cuatro cia©negas,26.870681613932977,-102.08644274779543,63
05008,5,coahuila,escobedo,27.26277685185188,-101.13712407407404,3
05009,5,coahuila,francisco i. madero,26.590086111111148,-103.21178888888849,2
05011,5,coahuila,general cepeda,25.449758333333335,-101.36234999999999,3
05012,5,coahuila,guerrero,28.3840777777778,-100.480411111111,1
05014,5,coahuila,jima©nez,29.016173736363637,-100.81723563636355,11
05015,5,coahuila,jua¡rez,27.596096527777775,-100.78808819444447,4
05016,5,coahuila,lamadrid,27.04504666666666,-101.79497111111121,5
05018,5,coahuila,monclova,26.917215,-101.28288805555549,10
05020,5,coahuila,maºzquiz,28.291406284573895,-101.8288199460625,103
05021,5,coahuila,nadadores,27.055833045977014,-101.658166762452,29
05023,5,coahuila,ocampo,27.923314594356263,-102.6880341322751,63
05024,5,coahuila,parras,25.36868532222223,-102.10369757142857,7
05026,5,coahuila,progreso,27.286631111111127,-101.04562833333335,5
05027,5,coahuila,ramos arizpe,25.79299629666667,-101.09336777592598,60
05028,5,coahuila,sabinas,27.98474351851853,-101.13556944444433,3
05030,5,coahuila,saltillo,25.250764004811,-101.05982915922104,97
05031,5,coahuila,san buenaventura,27.517569533333337,-101.75020994623645,31
05032,5,coahuila,san juan de sabinas,27.9447222222222,-101.308638888889,1
05033,5,coahuila,san pedro,26.08498027777777,-102.7108566666665,10
05035,5,coahuila,torrea³n,25.1432527777778,-103.256877777778,1
05036,5,coahuila,viesca,25.32295555555555,-103.125745833333,2
05038,5,coahuila,zaragoza,28.950592344173444,-101.63025285636854,41
06001,6,colima,armera­a,19.05589722222221,-104.00946715151537,11
06002,6,colima,colima,19.11011719189189,-103.6927153243243,37
06003,6,colima,comala,19.386425770370373,-103.78520958024694,18
06004,6,colima,coquimatla¡n,19.189089952511413,-103.94143456621008,73
06005,6,colima,cuauhta©moc,19.417530305050516,-103.59119751515153,22
06006,6,colima,ixtlahuaca¡n,19.01279166666666,-103.67964111111121,5
06007,6,colima,manzanillo,19.13924154511559,-104.31544113832959,298
06008,6,colima,minatitla¡n,19.378429655864196,-104.05281518518517,108
06009,6,colima,tecoma¡n,19.005170682304538,-103.81484813168719,27
06010,6,colima,villa de alvarez,19.321515277564103,-103.86809663034182,52
07001,7,chiapas,acacoyagua,15.429026262626273,-92.6152207070707,11
07002,7,chiapas,acala,16.629364237499995,-92.80141597638888,8
07003,7,chiapas,acapetahua,15.186464268627454,-92.7882935174292,51
07004,7,chiapas,altamirano,16.747488145925924,-91.99277888962962,30
07006,7,chiapas,amatenango de la frontera,15.569541061728394,-92.11375587037037,18
07007,7,chiapas,amatenango del valle,16.5075314814815,-92.44004444444447,3
07008,7,chiapas,angel albino corzo,15.827624730864196,-92.68902303882031,81
07009,7,chiapas,arriaga,16.284085612649577,-93.89890319031339,195
07010,7,chiapas,bejucal de ocampo,15.466515277777784,-92.14743750000002,2
07011,7,chiapas,bella vista,15.6522722222222,-92.2329402777778,2
07012,7,chiapas,berrioza¡bal,16.81601616666666,-93.27136414747474,11
07013,7,chiapas,bochil,17.05494888888888,-93.01874556444444,5
07014,7,chiapas,el bosque,17.055311108333314,-92.76712776666666,4
07015,7,chiapas,cacahoata¡n,15.15056944722225,-92.1362486,4
07017,7,chiapas,cintalapa,16.599718314906834,-93.94826643305728,322
07018,7,chiapas,coapilla,17.140601493162393,-93.14439914188034,13
07019,7,chiapas,comita¡n de doma­nguez,16.298763140170937,-92.17026973878205,104
07020,7,chiapas,la concordia,15.946890542878789,-92.83504242520202,220
07021,7,chiapas,copainala¡,17.086750593650795,-93.20157023968254,14
07022,7,chiapas,chalchihuita¡n,16.98243360888888,-92.62193917444444,10
07023,7,chiapas,chamula,16.8169701361111,-92.64303541944443,4
07024,7,chiapas,chanal,16.6318650385621,-92.1910498379085,17
07026,7,chiapas,chenalha³,16.9840833333333,-92.6924166666667,1
07027,7,chiapas,chiapa de corzo,16.67329977267574,-93.01104146791384,98
07029,7,chiapas,chicoasa©n,16.963926106666662,-93.11322666222222,5
07030,7,chiapas,chicomuselo,15.773095785440619,-92.41819243409961,29
07031,7,chiapas,chila³n,17.06873317592593,-92.14452963024691,18
07032,7,chiapas,escuintla,15.407114583333337,-92.54344548611112,8
07034,7,chiapas,frontera comalapa,15.670736574074075,-92.04899652777779,12
07037,7,chiapas,huehueta¡n,14.97054629814815,-92.54587916481483,12
07038,7,chiapas,huixta¡n,16.6790326957265,-92.39681858974359,13
07039,7,chiapas,huitiupa¡n,17.250130555555558,-92.7188259074074,3
07040,7,chiapas,huixtla,15.006375225825826,-92.60628978948948,37
07041,7,chiapas,la independencia,16.190212329166663,-91.83166388680556,16
07044,7,chiapas,ixtapa,16.7926638127421,-92.90505331447503,109
07046,7,chiapas,jiquipilas,16.422352896387643,-93.73789093811659,446
07047,7,chiapas,jitotol,17.07671306830409,-92.86619321836257,95
07049,7,chiapas,larra¡inzar,16.8936111222222,-92.77408335555555,2
07051,7,chiapas,mapastepec,15.358947557912455,-92.9163808077441,33
07052,7,chiapas,las margaritas,16.385878444736846,-91.86018198202021,38
07053,7,chiapas,mazapa de madero,15.374964814814817,-92.20212083333337,6
07054,7,chiapas,mazata¡n,14.887970893719809,-92.54069504589371,46
07057,7,chiapas,motozintla,15.346059860277773,-92.28021013916667,40
07059,7,chiapas,ocosingo,16.81905622967564,-91.81998070800553,161
07060,7,chiapas,ocotepec,17.2018444444444,-93.1959305555556,1
07061,7,chiapas,ocozocoautla de espinosa,16.81507295409357,-93.51812422046784,114
07063,7,chiapas,osumacinta,16.912922222222228,-93.12147142857144,7
07064,7,chiapas,oxchuc,16.73564889111112,-92.27039389777778,5
07065,7,chiapas,palenque,17.375232057575758,-91.62640354141413,11
07066,7,chiapas,pantelha³,17.0148056,-92.4942778,1
07067,7,chiapas,pantepec,17.178403997530868,-93.03421235802469,9
07068,7,chiapas,pichucalco,17.4489652777778,-93.18535833333334,2
07069,7,chiapas,pijijiapan,15.653556109777774,-93.16485266733335,50
07070,7,chiapas,el porvenir,15.427199537037033,-92.24886342037037,6
07071,7,chiapas,villa comaltitla¡n,15.109600315458938,-92.70474536376813,115
07072,7,chiapas,pueblo nuevo solistahuaca¡n,17.177668741666675,-92.90779236111109,4
07073,7,chiapas,raya³n,17.165995833333337,-93.00532916666666,4
07075,7,chiapas,las rosas,16.414856466666667,-92.38741667777778,3
07076,7,chiapas,sabanilla,17.3273,-92.65064584999999,2
07077,7,chiapas,salto de agua,17.32536525,-91.99758335,2
07078,7,chiapas,san crista³bal de las casas,16.710819063098878,-92.62115624301734,109
07079,7,chiapas,san fernando,16.846551850000004,-93.18217608333333,18
07080,7,chiapas,siltepec,15.70695612767661,-92.40022007212103,10
07081,7,chiapas,simojovel,17.1035944444444,-92.6589777777778,1
07085,7,chiapas,soyala³,16.906700615432108,-92.94357391728396,18
07086,7,chiapas,suchiapa,16.564025769444445,-93.11397932129631,36
07089,7,chiapas,tapachula,15.44923125,-92.5519923611111,4
07090,7,chiapas,tapalapa,17.176422083333343,-93.10540541666668,20
07093,7,chiapas,tenejapa,16.829896296296273,-92.48865231481483,6
07094,7,chiapas,teopisca,16.53858481481482,-92.48902185074074,30
07096,7,chiapas,tila,17.419882400000002,-92.58887316666666,3
07097,7,chiapas,tonala¡,16.027506584156377,-93.69032520500686,162
07098,7,chiapas,totolapa,16.535568055555558,-92.61565486111111,12
07099,7,chiapas,la trinitaria,16.09873222148148,-91.92750444666666,30
07100,7,chiapas,tumbala¡,17.3074444,-92.3411111,1
07101,7,chiapas,tuxtla gutia©rrez,16.76533906517997,-93.12098916283254,142
07104,7,chiapas,tzimol,16.18627806444444,-92.31451861444445,10
07105,7,chiapas,unia³n jua¡rez,15.1045972222222,-92.0965555555556,1
07106,7,chiapas,venustiano carranza,16.40227916666667,-92.53172013888889,4
07107,7,chiapas,villa corzo,16.080742320474698,-93.25452772571727,426
07108,7,chiapas,villaflores,16.321986525071225,-93.47711034267807,195
07109,7,chiapas,yajala³n,17.16255415,-92.34346525000001,2
07110,7,chiapas,san lucas,16.647225000000002,-92.77581180555555,4
07111,7,chiapas,zinacanta¡n,16.73282361111111,-92.77116513040936,38
07112,7,chiapas,san juan cancuc,16.92011111111111,-92.43683055555556,1
07114,7,chiapas,benema©rito de las ama©ricas,16.39539074444443,-90.57207407037036,3
07115,7,chiapas,maravilla tenejapa,16.3132027777778,-91.1609888888889,1
07116,7,chiapas,marqua©s de comillas,16.185422199999998,-90.71370416666664,2
07117,7,chiapas,montecristo de guerrero,15.691648486363626,-92.62480997424242,22
07120,7,chiapas,el parral,16.24778055555556,-93.11837438271607,9
07121,7,chiapas,rinca³n chamula san pedro,17.183085185185178,-92.9240875,6
07122,7,chiapas,el parral,16.31729670173612,-92.99370547083333,32
07123,7,chiapas,emiliano zapata,16.5461111111111,-92.90175,1
07124,7,chiapas,mezcalapa,17.301102788888898,-93.55941250000001,2
07125,7,chiapas,honduras de la sierra,15.6421305555556,-92.4291305555556,1
08001,8,chihuahua,ahumada,29.87856435185185,-106.594024537037,6
08002,8,chihuahua,aldama,28.7943138888889,-105.902263888889,1
08004,8,chihuahua,aquiles serda¡n,28.5616222222222,-105.928272222222,1
08006,8,chihuahua,bacha­niva,28.787950000000002,-107.386036111111,2
08007,8,chihuahua,balleza,26.51057496658512,-106.51697119429154,545
08008,8,chihuahua,batopilas de manuel ga³mez mora­n,26.94582685208334,-107.62763853703707,48
08009,8,chihuahua,bocoyna,27.798468038543724,-107.63479613272519,676
08010,8,chihuahua,buenaventura,29.56287388888891,-107.11021018518527,15
08012,8,chihuahua,caricha­,27.91802137681159,-107.19774879227052,23
08013,8,chihuahua,casas grandes,30.182819775132284,-108.25955455026455,42
08014,8,chihuahua,chihuahua,28.67548571428572,-106.19476150793658,14
08015,8,chihuahua,cha­nipas,27.572387499999977,-108.502970833333,4
08017,8,chihuahua,cuauhta©moc,28.788935,-106.88597888888921,5
08018,8,chihuahua,cusihuiriachi,28.148519444444453,-106.79599166666651,2
08019,8,chihuahua,chihuahua,28.827795541228063,-106.28179962865491,38
08020,8,chihuahua,cha­nipas,27.53073425617284,-108.51890898148147,18
08023,8,chihuahua,galeana,30.2801111111111,-107.754138888889,1
08024,8,chihuahua,santa isabel,28.322587499999997,-106.2439041666665,2
08025,8,chihuahua,ga³mez fara­as,29.283965277777803,-107.776423611111,2
08026,8,chihuahua,guachochi,27.4296166666667,-107.682169444444,1
08027,8,chihuahua,guachochi,26.983689242590337,-107.23551427222897,821
08028,8,chihuahua,guadalupe,30.8206194444444,-105.972325,1
08029,8,chihuahua,guadalupe y calvo,26.10608495007266,-106.91914222356621,2676
08030,8,chihuahua,guazapares,27.502699466172846,-108.14195991250001,180
08031,8,chihuahua,guerrero,28.19697478109162,-107.69353014132552,114
08033,8,chihuahua,ignacio zaragoza,29.86449305555555,-107.74802500000001,2
08034,8,chihuahua,ignacio zaragoza,30.05953586262625,-108.05937298989892,11
08035,8,chihuahua,janos,30.852203965873013,-108.65114526984112,14
08038,8,chihuahua,julimes,28.402925,-104.979227777778,1
08040,8,chihuahua,madera,29.40768758665675,-108.28829156746032,224
08041,8,chihuahua,maguarichi,27.765001074242424,-107.96937171464646,44
08043,8,chihuahua,matacha­,28.6824083333333,-107.750155555556,1
08044,8,chihuahua,matamoros,26.673325,-105.708686111111,1
08046,8,chihuahua,morelos,26.594004717907232,-107.71032601618123,103
08047,8,chihuahua,moris,28.127639341085274,-108.76131807493537,43
08048,8,chihuahua,namiquipa,29.42869290123457,-106.93448101851855,9
08049,8,chihuahua,nonoava,27.422126588888887,-106.61309049206356,7
08050,8,chihuahua,nuevo casas grandes,30.540163888888898,-107.8563555555555,2
08051,8,chihuahua,ocampo,28.155929891436315,-108.14381496151762,205
08054,8,chihuahua,riva palacio,28.640743055555575,-106.60695972222226,4
08056,8,chihuahua,rosario,27.2619222222222,-106.483244444444,1
08057,8,chihuahua,san francisco de borja,28.049000000000003,-106.87129166666666,1
08059,8,chihuahua,san francisco del oro,26.88211805555555,-106.048823611111,2
08060,8,chihuahua,santa ba¡rbara,26.7413722222222,-105.892811111111,1
08061,8,chihuahua,sateva³,27.60299375,-106.28801111111125,4
08063,8,chihuahua,tema³sachic,28.53271894900585,-108.23654741637426,95
08065,8,chihuahua,urique,27.383377102419132,-107.94899899324896,395
08066,8,chihuahua,uruachi,27.822450397707225,-108.35523104409167,63
08067,8,chihuahua,valle de zaragoza,27.52,-106.176666666667,1
09004,9,ciudad de ma©xico,cuajimalpa de morelos,19.295369853389875,-99.32703871171041,29
09005,9,ciudad de ma©xico,gustavo a. madero,19.524471308674634,-99.11905441436436,230
09007,9,ciudad de ma©xico,iztapalapa,19.33258965380571,-99.00715525213344,99
09008,9,ciudad de ma©xico,la magdalena contreras,19.262790208056366,-99.26389887945913,177
09009,9,ciudad de ma©xico,milpa alta,19.13445522875759,-99.05066884558236,3030
09010,9,ciudad de ma©xico,alvaro obrega³n,19.29315000772128,-99.27909921450095,59
09011,9,ciudad de ma©xico,tla¡huac,19.31567014774195,-98.98914410279782,116
09012,9,ciudad de ma©xico,tlalpan,19.156250516538055,-99.2188422749479,3013
09013,9,ciudad de ma©xico,xochimilco,19.246585183592952,-99.07974717584685,335
10001,10,durango,canatla¡n,24.341991074169876,-105.1212023085993,37
10002,10,durango,canelas,25.0859517090711,-106.40657340157479,84
10004,10,durango,cuencama©,24.2075,-103.59888888888888,1
10005,10,durango,durango,23.896410484622237,-104.97794976481323,351
10009,10,durango,guanaceva­,26.001536604699094,-106.26538415424594,80
10012,10,durango,lerdo,25.33739722222221,-103.65871027777771,10
10013,10,durango,mapima­,25.7886111111111,-103.787777777778,1
10014,10,durango,mezquital,22.905262334248096,-104.53856366866763,1262
10015,10,durango,nazas,25.4391666666667,-103.971111111111,1
10016,10,durango,nombre de dios,23.73873555555558,-104.26511722222213,5
10017,10,durango,ocampo,26.585522616349206,-106.06001861984124,14
10018,10,durango,el oro,25.213333333333352,-105.11805555555566,2
10019,10,durango,ota¡ez,24.738341352452174,-105.96724154144508,58
10021,10,durango,pea±a³n blanco,24.7174083333333,-104.243938888889,1
10022,10,durango,poanas,23.9352300985066,-103.844163823125,1
10023,10,durango,pueblo nuevo,23.517048153412198,-105.33327958230065,695
10025,10,durango,san bernardo,26.217271619393358,-105.778983756739,5
10026,10,durango,san dimas,24.229186957307764,-105.70688102732572,237
10030,10,durango,san pedro del gallo,25.6557388888889,-104.18155,1
10032,10,durango,santiago papasquiaro,24.96110234846132,-106.00079964961013,118
10033,10,durango,saºchil,23.28292159999999,-104.25682371604944,9
10034,10,durango,tamazula,25.096759574924004,-106.775142860518,173
10035,10,durango,tepehuanes,25.428089653598366,-106.10714977512741,109
10037,10,durango,topia,25.230510440456367,-106.5220608900271,46
10038,10,durango,vicente guerrero,23.8213888888889,-103.871944444444,1
10039,10,durango,nuevo ideal,24.86583916666667,-105.16219191111111,10
11001,11,guanajuato,abasolo,20.427660333333332,-101.52019422222224,15
11002,11,guanajuato,aca¡mbaro,20.023036111111104,-100.7585460444444,5
11003,11,guanajuato,san miguel de allende,20.871686914814816,-100.78663619907405,12
11006,11,guanajuato,atarjea,21.294560111111114,-99.77432045238096,7
11007,11,guanajuato,celaya,20.41731652222223,-100.7439661333334,10
11008,11,guanajuato,manuel doblado,20.714186237373728,-101.97430335858589,11
11009,11,guanajuato,comonfort,20.7405444,-100.745742,1
11010,11,guanajuato,coroneo,20.23300972222222,-100.41372083333334,2
11012,11,guanajuato,cuera¡maro,20.585376922222224,-101.6772011444445,10
11014,11,guanajuato,dolores hidalgo cuna de la independencia nacional,21.14739791408586,-101.05216601889893,22
11015,11,guanajuato,guanajuato,21.04769105719697,-101.22104332512627,88
11016,11,guanajuato,huana­maro,20.386294555555544,-101.51348222222225,5
11017,11,guanajuato,irapuato,20.693515833333326,-101.39668243055551,8
11018,11,guanajuato,jaral del progreso,20.336779166666666,-100.99894861111112,2
11019,11,guanajuato,jera©cuaro,20.15346243425925,-100.5073016238427,24
11020,11,guanajuato,lea³n,21.234292949572644,-101.65101252136755,13
11021,11,guanajuato,morolea³n,20.036083333333334,-101.26305555555555,1
11022,11,guanajuato,ocampo,21.555889973611123,-101.51942349305561,16
11023,11,guanajuato,pa©njamo,20.456582580268204,-101.78289761681226,29
11025,11,guanajuato,pura­sima del rinca³n,20.992112037037035,-101.89182222222223,3
11027,11,guanajuato,salamanca,20.89037222222223,-101.09390555555557,3
11028,11,guanajuato,salvatierra,20.205931009259263,-100.92812409259267,6
11029,11,guanajuato,san diego de la unia³n,21.493724259259253,-100.90449314814819,15
11030,11,guanajuato,san felipe,21.46133755520165,-101.22157016064881,81
11032,11,guanajuato,san josa© iturbide,20.97575668253969,-100.37404353968263,7
11033,11,guanajuato,san luis de la paz,21.53163501825396,-100.45565351587312,14
11034,11,guanajuato,santa catarina,21.203833333333332,-100.10605555555556,1
11035,11,guanajuato,santa cruz de juventino rosas,20.69233757777779,-101.02246577777775,4
11037,11,guanajuato,silao de la victoria,21.01038502037037,-101.38270937037045,18
11039,11,guanajuato,tarimoro,20.280268749999976,-100.7129006666665,4
11040,11,guanajuato,tierra blanca,21.0667769444444,-100.201949444444,1
11042,11,guanajuato,valle de santiago,20.341503415384615,-101.22286477777779,13
11043,11,guanajuato,victoria,21.33934431428571,-100.19198647619046,14
11045,11,guanajuato,xichaº,21.377806868888886,-99.99610091629626,15
11046,11,guanajuato,yuriria,20.08692422222223,-101.34130644444447,5
12001,12,guerrero,acapulco de jua¡rez,16.995746783301406,-99.79455928676832,348
12002,12,guerrero,ahuacuotzingo,17.7103540869281,-98.89961405294117,17
12003,12,guerrero,ajuchitla¡n del progreso,17.884246981417625,-100.64226178160919,58
12004,12,guerrero,alcozauca de guerrero,17.40468745555555,-98.39223270752689,31
12005,12,guerrero,alpoyeca,17.665364506172843,-98.49314567901234,9
12006,12,guerrero,apaxtla,18.128940007222223,-100.01437541722223,20
12007,12,guerrero,arcelia,18.24496319666667,-100.20229815555561,20
12008,12,guerrero,atenango del ra­o,18.155237730555562,-98.9626005419753,36
12009,12,guerrero,atlamajalcingo del monte,17.2997925925926,-98.57210740740739,3
12010,12,guerrero,atlixtac,17.55674999891599,-98.84350399783199,41
12011,12,guerrero,atoyac de alvarez,17.299677738142616,-100.37226958540634,67
12012,12,guerrero,ayutla de los libres,17.026921090123466,-99.08678991687245,27
12013,12,guerrero,azoyaº,16.71943750277775,-98.55904235,4
12014,12,guerrero,benito jua¡rez,17.0523888888889,-100.302555555556,1
12015,12,guerrero,buenavista de cua©llar,18.477645658333326,-99.41379565694446,16
12016,12,guerrero,coahuayutla de josa© mara­a izazaga,18.164891558547012,-101.50643985897433,26
12017,12,guerrero,cocula,18.090919444444435,-99.75156944444444,3
12019,12,guerrero,copalillo,18.017072424768514,-99.02291493055557,16
12020,12,guerrero,copanatoyac,17.479094999999997,-98.81807463259261,15
12021,12,guerrero,coyuca de bena­tez,17.06950175161855,-100.01313503604551,127
12022,12,guerrero,coyuca de catala¡n,18.039577703838383,-100.92771763535355,110
12024,12,guerrero,cuala¡c,17.72558331777778,-98.65072110888889,5
12025,12,guerrero,cuautepec,16.7755125,-98.88697083333335,2
12026,12,guerrero,cuetzala del progreso,18.037842857142863,-99.82076388888888,7
12027,12,guerrero,cutzamala de pinza³n,18.642640178518512,-100.60793544444442,15
12028,12,guerrero,chilapa de alvarez,17.572883333333344,-99.19069629629628,9
12029,12,guerrero,chilpancingo de los bravo,17.411653930253248,-99.56385435254393,487
12031,12,guerrero,general canuto a. neri,18.443562480555553,-100.10333122222234,4
12032,12,guerrero,general heliodoro castillo,17.721653804526746,-100.00874148641975,27
12033,12,guerrero,huamuxtitla¡n,17.779310555000016,-98.52378430333334,20
12034,12,guerrero,huitzuco de los figueroa,18.13305992010582,-99.272731744709,42
12035,12,guerrero,iguala de la independencia,18.299212037037034,-99.59723078703702,12
12036,12,guerrero,igualapa,16.88762685925925,-98.50190277222221,6
12037,12,guerrero,ixcateopan de cuauhta©moc,18.437683333333332,-99.79648611111111,1
12038,12,guerrero,zihuatanejo de azueta,17.854036967094025,-101.39185644444447,26
12039,12,guerrero,juan r. escudero,17.171355933838385,-99.51793270404042,44
12040,12,guerrero,leonardo bravo,17.632923561111106,-99.73517038690477,56
12041,12,guerrero,malinaltepec,17.19280343398694,-98.67771650457517,17
12042,12,guerrero,ma¡rtir de cuilapan,17.806707665134088,-99.34073256168583,29
12043,12,guerrero,metlata³noc,17.065190310840112,-98.44510758726288,41
12044,12,guerrero,mochitla¡n,17.339748039869278,-99.39920833420479,51
12045,12,guerrero,olinala¡,17.82008541666667,-98.73829305972222,8
12046,12,guerrero,ometepec,16.67540972777778,-98.34798657407408,6
12048,12,guerrero,petatla¡n,17.624554419696967,-101.17022504545452,22
12049,12,guerrero,pilcaya,18.695522222222237,-99.63562083333333,4
12051,12,guerrero,quechultenango,17.301701157407415,-99.2235201388889,12
12052,12,guerrero,san luis acatla¡n,16.86004123552426,-98.71600704068858,71
12053,12,guerrero,san marcos,16.794372729292927,-99.39867474545454,11
12054,12,guerrero,san miguel totolapan,17.831383559637185,-100.30518644897964,49
12055,12,guerrero,taxco de alarca³n,18.485376425203256,-99.58929383306234,41
12056,12,guerrero,tecoanapa,17.027677281746037,-99.32825575396826,28
12057,12,guerrero,ta©cpan de galeana,17.43534555753086,-100.71056818024691,45
12058,12,guerrero,teloloapan,18.270057633333348,-100.00997644444446,4
12059,12,guerrero,tepecoacuilco de trujano,18.03421547777777,-99.43267659365078,7
12060,12,guerrero,tetipac,18.6348074,-99.62913147407407,3
12061,12,guerrero,tixtla de guerrero,17.615588429629625,-99.41269722037038,6
12062,12,guerrero,tlacoachistlahuaca,16.925159778962957,-98.28896844281482,75
12063,12,guerrero,tlacoapa,17.171351851851853,-98.819,3
12064,12,guerrero,tlalchapa,18.470105949206353,-100.41796663492062,14
12065,12,guerrero,tlalixtaquilla de maldonado,17.6034527777778,-98.4174138888889,1
12066,12,guerrero,tlapa de comonfort,17.556271784795328,-98.690584648538,19
12067,12,guerrero,tlapehuala,18.27317708333335,-100.44739236111124,4
12068,12,guerrero,la unia³n de isidoro montes de oca,18.009070277777777,-101.82256724444444,10
12069,12,guerrero,xalpatla¡huac,17.422139279365087,-98.5327876920635,7
12070,12,guerrero,xochihuehuetla¡n,17.852178783838383,-98.46611818282827,11
12071,12,guerrero,xochistlahuaca,16.894659324206344,-98.16088264007938,28
12072,12,guerrero,zapotitla¡n tablas,17.4700222,-98.7808139,1
12073,12,guerrero,zira¡ndaro,18.333381541176472,-101.20206563725485,34
12074,12,guerrero,zitlala,17.7456267094017,-99.18494807692309,13
12075,12,guerrero,eduardo neri,17.74068650051921,-99.56173078878506,107
12076,12,guerrero,acatepec,17.16670846560847,-99.07346785714286,21
12077,12,guerrero,marquelia,16.6995388888889,-98.7508027777778,1
12078,12,guerrero,cochoapa el grande,17.065566831372543,-98.4331568624183,68
12081,12,guerrero,iliatenco,17.038811797222213,-98.60665694166669,8
12083,12,guerrero,auu savi,16.914619444444444,-98.94343888888889,1
12084,12,guerrero,santa cruz del rinca³n,16.972191666666667,-98.73269305555556,2
13001,13,hidalgo,acatla¡n,20.114932520662766,-98.47124571461988,57
13002,13,hidalgo,acaxochitla¡n,20.13310378650138,-98.1938806594123,242
13003,13,hidalgo,actopan,20.342441666666666,-98.87801837962964,6
13004,13,hidalgo,agua blanca de iturbide,20.356089709178743,-98.37935517536232,23
13005,13,hidalgo,ajacuba,20.13601388888889,-99.0717625,2
13007,13,hidalgo,almoloya,19.751946113840155,-98.33196434678364,57
13008,13,hidalgo,apan,19.73689408625731,-98.43259586432748,38
13009,13,hidalgo,el arenal,20.229019687922708,-98.87238809613527,23
13011,13,hidalgo,atlapexco,21.0477,-98.4043027777778,2
13012,13,hidalgo,atotonilco el grande,20.329249409722234,-98.69826409722224,8
13014,13,hidalgo,calnali,20.8774138888889,-98.5937666666667,1
13015,13,hidalgo,cardonal,20.572866597222223,-99.01743340277778,4
13016,13,hidalgo,cuautepec de hinojosa,20.01158000609756,-98.27699537831978,82
13017,13,hidalgo,chapantongo,20.3011,-99.5301666666667,1
13018,13,hidalgo,chapulhuaca¡n,21.1496111111111,-98.8883055555556,1
13020,13,hidalgo,eloxochitla¡n,20.73449319444445,-98.79418541666665,2
13021,13,hidalgo,emiliano zapata,19.6791472,-98.6066694,1
13022,13,hidalgo,epazoyucan,20.084542806296305,-98.63227370796297,60
13024,13,hidalgo,huasca de ocampo,20.17231077222222,-98.55029240864198,18
13025,13,hidalgo,huautla,20.4574194444444,-98.0843916666667,1
13027,13,hidalgo,huehuetla,20.4219694444444,-98.1319222222222,1
13030,13,hidalgo,ixmiquilpan,20.406866666666666,-99.13208888888889,1
13031,13,hidalgo,jacala de ledezma,20.9592486111111,-99.10626111111111,2
13033,13,hidalgo,jua¡rez hidalgo,20.820479107936507,-98.82727890793652,14
13034,13,hidalgo,lolotla,20.9266524962963,-98.72172145308645,9
13035,13,hidalgo,metepec,20.296939488888885,-98.35115399506174,18
13036,13,hidalgo,san agusta­n metzquititla¡n,20.557869919658113,-98.57722408076924,26
13037,13,hidalgo,metztitla¡n,20.609852365359487,-98.75437830326798,17
13038,13,hidalgo,mineral del chico,20.210770095726488,-98.74717526923078,26
13039,13,hidalgo,mineral del monte,20.14205138888889,-98.6611427469136,18
13040,13,hidalgo,la misia³n,21.06696041666668,-99.0900888888889,4
13042,13,hidalgo,molango de escamilla,20.85082833333334,-98.76565167111112,5
13043,13,hidalgo,nicola¡s flores,20.793525886111112,-99.16451395416668,16
13044,13,hidalgo,nopala de villagra¡n,20.1850277777778,-99.5391944444444,1
13045,13,hidalgo,omitla¡n de jua¡rez,20.146726270370372,-98.60829172645502,42
13047,13,hidalgo,pacula,20.9079389,-99.2655028,1
13048,13,hidalgo,pachuca de soto,20.120736025985664,-98.75772281362008,62
13049,13,hidalgo,pisaflores,21.225968057407403,-98.97834721666668,6
13051,13,hidalgo,mineral de la reforma,20.087971594982083,-98.70380448028673,31
13052,13,hidalgo,san agusta­n tlaxiaca,20.117900314009656,-98.85980222222223,23
13053,13,hidalgo,san bartolo tutotepec,20.42382997777778,-98.24357353737373,11
13054,13,hidalgo,san salvador,20.24113111111111,-99.03035944444444,5
13055,13,hidalgo,santiago de anaya,20.37573750000002,-98.9593833888889,5
13056,13,hidalgo,santiago tulantepec de lugo guerrero,20.064853184281844,-98.41004803523036,41
13057,13,hidalgo,singuilucan,19.99104196467991,-98.46670314547463,151
13058,13,hidalgo,tasquillo,20.55867222222225,-99.3479597222222,2
13060,13,hidalgo,tenango de doria,20.330813934126986,-98.24267805634919,14
13061,13,hidalgo,tepeapulco,19.855709152727275,-98.47898252929294,55
13062,13,hidalgo,tepehuaca¡n de guerrero,20.976816666666664,-98.82775833333334,1
13063,13,hidalgo,tepeji del ra­o de ocampo,19.91267291666665,-99.39765208333333,4
13064,13,hidalgo,tepetitla¡n,20.1737083333333,-99.41435,1
13066,13,hidalgo,villa de tezontepec,19.91644305555555,-98.78885416666667,2
13067,13,hidalgo,tezontepec de aldama,20.212345833333302,-99.3135888888889,2
13068,13,hidalgo,tianguistengo,20.726828337301587,-98.60614210079366,14
13071,13,hidalgo,tlahuiltepa,20.9157408509804,-98.9443607745098,17
13072,13,hidalgo,tlanalapa,19.828851332592603,-98.58716321925927,15
13073,13,hidalgo,tlanchinol,20.98360415,-98.64779676666667,6
13075,13,hidalgo,tolcayuca,19.962637962962962,-98.90375694444445,6
13077,13,hidalgo,tulancingo de bravo,20.11565971944444,-98.3451475658565,96
13079,13,hidalgo,xochicoatla¡n,20.75753054444445,-98.6552000111111,2
13081,13,hidalgo,zacualtipa¡n de angeles,20.649133766538952,-98.6392367146871,87
13082,13,hidalgo,zapotla¡n de jua¡rez,20.0247916666667,-98.8637555555556,1
13083,13,hidalgo,zempoala,19.92258084010841,-98.65716730406506,41
13084,13,hidalgo,zimapa¡n,20.83743194691358,-99.25254314629632,18
14000,14,jalisco,bolaa±os,21.8463373015873,-104.18978769841272,14
14001,14,jalisco,acatic,20.83717008677273,-102.90348035762418,11
14002,14,jalisco,acatla¡n de jua¡rez,20.42457595893888,-103.57859879658209,20
14003,14,jalisco,ahualulco de mercado,20.731768699262805,-103.92656734282015,69
14004,14,jalisco,amacueca,20.07205327190889,-103.63645658152224,25
14005,14,jalisco,amatita¡n,20.80901888394105,-103.74476457586543,36
14006,14,jalisco,ameca,20.569592134161823,-104.10839728011399,62
14007,14,jalisco,san juanito de escobedo,20.812859322647146,-103.95801210325004,70
14008,14,jalisco,arandas,20.7184837925926,-102.3947111296295,6
14009,14,jalisco,el arenal,20.750572272484543,-103.6525613606786,87
14010,14,jalisco,atemajac de brizuela,20.153826859538345,-103.69423298047515,102
14011,14,jalisco,atengo,20.331257291666674,-104.27881475694447,16
14012,14,jalisco,atenguillo,20.357950260336303,-104.53875129955664,116
14013,14,jalisco,atotonilco el alto,20.465710525176327,-102.56486607039152,46
14014,14,jalisco,atoyac,19.965419755338953,-103.40034750379878,85
14015,14,jalisco,autla¡n de navarro,19.698134629415094,-104.32012731158929,53
14016,14,jalisco,ayotla¡n,20.511188424164445,-102.33325961892753,25
14017,14,jalisco,ayutla,20.059774085849302,-104.53613470072774,32
14018,14,jalisco,la barca,20.432838161403506,-102.55279175146194,38
14019,14,jalisco,bolaa±os,21.873792419494944,-103.97877600430486,211
14020,14,jalisco,cabo corrientes,20.34975834012869,-105.31134764736781,189
14021,14,jalisco,casimiro castillo,19.61105303424936,-104.48547491096484,147
14022,14,jalisco,cihuatla¡n,19.26169386115309,-104.65930738588315,27
14023,14,jalisco,zapotla¡n el grande,19.725735584315196,-103.45968398425299,117
14024,14,jalisco,cocula,20.33343347576622,-103.85891366119111,25
14025,14,jalisco,colotla¡n,21.992773687200536,-103.32050580651348,41
14026,14,jalisco,concepcia³n de buenos aires,19.953910073559634,-103.25659446089593,158
14027,14,jalisco,cuautitla¡n de garca­a barraga¡n,19.4515902003942,-104.27302217189197,345
14028,14,jalisco,cuautla,20.205911314067166,-104.52288305656946,67
14030,14,jalisco,chapala,20.32889326632997,-103.19348438047136,33
14031,14,jalisco,chimaltita¡n,21.747444444444447,-103.6246997444445,10
14032,14,jalisco,chiquilistla¡n,20.089005958653047,-103.85656747017732,93
14033,14,jalisco,degollado,20.5118104962963,-102.14659727160492,9
14034,14,jalisco,ejutla,19.904821783040934,-104.1490927017544,19
14035,14,jalisco,encarnacia³n de da­az,21.476706574074072,-102.24302814814824,30
14036,14,jalisco,etzatla¡n,20.74419486860855,-104.1319312610299,78
14037,14,jalisco,el grullo,19.82250305030247,-104.20006364698145,9
14038,14,jalisco,guachinango,20.616548197223164,-104.39095471603554,59
14039,14,jalisco,guadalajara,20.724725690735195,-103.30464656916915,18
14040,14,jalisco,hostotipaquillo,20.991950314256425,-104.07159834884861,103
14041,14,jalisco,huejaºcar,22.3605138888889,-103.21131527777774,4
14042,14,jalisco,huejuquilla el alto,22.438748358653086,-103.93423317181106,36
14043,14,jalisco,la huerta,19.464470481987,-104.82563621745494,106
14044,14,jalisco,ixtlahuaca¡n de los membrillos,20.35226641494329,-103.20071148949384,29
14045,14,jalisco,ixtlahuaca¡n del ra­o,20.85778106060605,-103.2452002222222,11
14046,14,jalisco,jalostotitla¡n,21.206943749999983,-102.50272430555576,8
14047,14,jalisco,jamay,20.329415593006694,-102.704309328022,5
14048,14,jalisco,jesaºs mara­a,20.809654087211737,-102.08613898951783,53
14049,14,jalisco,jilotla¡n de los dolores,19.361648830409358,-103.06158932163738,19
14050,14,jalisco,jocotepec,20.337984791915613,-103.45313443453531,84
14051,14,jalisco,juanacatla¡n,20.488264860028657,-103.12184455732188,38
14052,14,jalisco,juchitla¡n,20.062348333333325,-104.04580833333316,5
14053,14,jalisco,lagos de moreno,21.403555104134366,-101.90789927648585,43
14054,14,jalisco,el lima³n,19.811087037037037,-104.0840296296297,3
14055,14,jalisco,magdalena,20.892009345386068,-103.97924051883237,118
14056,14,jalisco,santa mara­a del oro,19.5886111,-103.022222,1
14057,14,jalisco,la manzanilla de la paz,20.00077561728395,-103.14803479012343,9
14058,14,jalisco,mascota,20.526888346594582,-104.76443947543764,236
14059,14,jalisco,mazamitla,19.900975320443827,-103.06716645726591,251
14061,14,jalisco,mezquitic,22.137838000575332,-104.1182067085518,481
14062,14,jalisco,mixtla¡n,20.51572927804859,-104.44077479056305,67
14063,14,jalisco,ocotla¡n,20.41160507004831,-102.66194904830914,23
14064,14,jalisco,ojuelos de jalisco,21.8198173611111,-101.77827916666662,8
14065,14,jalisco,pihuamo,19.29286488888889,-103.32819123555554,25
14066,14,jalisco,poncitla¡n,20.34501657377663,-102.95478960110127,87
14067,14,jalisco,puerto vallarta,20.651961111640215,-105.1819123121694,21
14068,14,jalisco,villa purificacia³n,19.758213660243023,-104.68741172479648,125
14069,14,jalisco,quitupan,19.80375518455043,-102.90573020763973,104
14070,14,jalisco,el salto,20.521349999999998,-103.25650277777778,1
14071,14,jalisco,san crista³bal de la barranca,21.016172478512402,-103.49242474880367,95
14072,14,jalisco,san diego de alejandra­a,21.00974352222222,-101.95724309259266,6
14073,14,jalisco,san juan de los lagos,21.254971181250006,-102.31190834722226,16
14075,14,jalisco,san marcos,20.795607529768628,-104.2252814592118,17
14076,14,jalisco,san marta­n de bolaa±os,21.535556526666667,-103.7456430666667,20
14077,14,jalisco,san marta­n hidalgo,20.43219255619592,-103.90753487535598,49
14078,14,jalisco,san miguel el alto,21.022992777777763,-102.39547166666675,5
14079,14,jalisco,ga³mez fara­as,19.855347027058983,-103.42052269836718,175
14080,14,jalisco,san sebastia¡n del oeste,20.791707072429016,-104.86275449230928,36
14081,14,jalisco,santa mara­a de los angeles,22.202590972222225,-103.20910868055563,8
14082,14,jalisco,sayula,19.838358416945983,-103.6247915108697,29
14083,14,jalisco,tala,20.629782151857196,-103.68249340265851,284
14084,14,jalisco,talpa de allende,20.300822109407992,-104.90522329630579,260
14085,14,jalisco,tamazula de gordiano,19.748277119816457,-103.218332897677,210
14086,14,jalisco,tapalpa,19.97100265868373,-103.73790655990322,394
14087,14,jalisco,tecalitla¡n,19.35231189236112,-103.2521487690972,128
14088,14,jalisco,tecolotla¡n,20.266842921744654,-104.00585210306944,156
14089,14,jalisco,techaluta de montenegro,20.0946579888817,-103.61028744471572,17
14090,14,jalisco,tenamaxtla¡n,20.21713027777777,-104.15071833333339,10
14091,14,jalisco,teocaltiche,21.499522619047614,-102.61308531746043,7
14092,14,jalisco,teocuitatla¡n de corona,20.08445771481481,-103.30819546913578,9
14093,14,jalisco,tepatitla¡n de morelos,20.80125342085084,-102.7322905569207,66
14094,14,jalisco,tequila,20.944614080149606,-103.79760607645265,252
14095,14,jalisco,teuchitla¡n,20.735291523273915,-103.78865324488275,49
14096,14,jalisco,tizapa¡n el alto,20.13473958333334,-103.03886249999984,4
14097,14,jalisco,tlajomulco de zaºa±iga,20.47710216472807,-103.4671128846364,399
14098,14,jalisco,san pedro tlaquepaque,20.603171296296296,-103.37212731481493,6
14099,14,jalisco,tolima¡n,19.540979816489948,-103.97765364024809,21
14100,14,jalisco,tomatla¡n,20.01536492402737,-105.07359421606947,123
14101,14,jalisco,tonala¡,20.58310888888889,-103.18245611111108,5
14102,14,jalisco,tonaya,19.817039682539676,-103.9727654761905,7
14103,14,jalisco,tonila,19.467079516666676,-103.56223890277788,8
14104,14,jalisco,totatiche,21.938638249556483,-103.4759359071463,36
14105,14,jalisco,tototla¡n,20.55796270400123,-102.82705618779266,9
14106,14,jalisco,tuxcacuesco,19.65474131944444,-104.05777847222214,8
14107,14,jalisco,tuxcueca,20.189136236231878,-103.26723467632856,23
14108,14,jalisco,tuxpan,19.513567674998335,-103.45356346167888,60
14109,14,jalisco,unia³n de san antonio,21.209055555555558,-101.93940499999994,5
14110,14,jalisco,unia³n de tula,19.98369184027778,-104.24985364583327,16
14111,14,jalisco,valle de guadalupe,21.041977430555555,-102.62801597222233,8
14112,14,jalisco,valle de jua¡rez,19.856441503594766,-102.96832092810455,34
14113,14,jalisco,san gabriel,19.697500704187913,-103.67424803166624,148
14114,14,jalisco,villa corona,20.440948494907406,-103.69975266666671,24
14115,14,jalisco,villa guerrero,21.99335243055556,-103.6796390625,32
14116,14,jalisco,villa hidalgo,21.71860648148147,-102.61704379629644,9
14117,14,jalisco,caa±adas de obrega³n,21.138070836111122,-102.73398477777772,4
14118,14,jalisco,yahualica de gonza¡lez gallo,21.137280440993933,-103.06319695865555,11
14119,14,jalisco,zacoalco de torres,20.234411409225928,-103.60667336010896,21
14120,14,jalisco,zapopan,20.75448405278739,-103.47134910206648,1076
14121,14,jalisco,zapotiltic,19.661510023388498,-103.39261415775354,28
14122,14,jalisco,zapotitla¡n de vadillo,19.50323657407408,-103.74625053703689,6
14123,14,jalisco,zapotla¡n del rey,20.479850173611112,-103.00229531249988,16
14124,14,jalisco,zapotlanejo,20.53653090416667,-103.04254898611102,8
14125,14,jalisco,san ignacio cerro gordo,20.742296681745774,-102.55284747054976,25
15001,15,ma©xico,acambay de rua­z castaa±eda,19.990499596215514,-99.92120489823623,593
15002,15,ma©xico,acolman,19.626703427902076,-98.87176835625347,16
15003,15,ma©xico,aculco,20.055972715775553,-99.86804883276236,85
15004,15,ma©xico,almoloya de alquisiras,18.868231032497278,-99.87243905837984,49
15005,15,ma©xico,almoloya de jua¡rez,19.43615955947002,-99.86594232653229,53
15007,15,ma©xico,amanalco,19.249801360882177,-99.98122420072222,331
15008,15,ma©xico,amatepec,18.70628460059066,-100.21215132569377,44
15009,15,ma©xico,amecameca,19.112396372728018,-98.70640778523011,182
15013,15,ma©xico,atizapa¡n de zaragoza,19.550625860567905,-99.30714231053787,27
15014,15,ma©xico,atlacomulco,19.81208249420712,-99.82708546923821,237
15015,15,ma©xico,atlautla,19.039104294115198,-98.73238430182336,68
15016,15,ma©xico,axapusco,19.821336398413628,-98.79489423887063,31
15017,15,ma©xico,ayapango,19.153345844440288,-98.81494046990973,8
15018,15,ma©xico,calimaya,19.136644076617674,-99.69035922635253,22
15019,15,ma©xico,capulhuac,19.21690429595959,-99.45089873333332,11
15020,15,ma©xico,coacalco de berrioza¡bal,19.61203349054762,-99.10898437755345,21
15021,15,ma©xico,coatepec harinas,18.95475901967564,-99.79874919657574,255
15022,15,ma©xico,cocotitla¡n,19.2049722222222,-98.8252222222222,1
15023,15,ma©xico,coyotepec,19.78692975265,-99.25289950255,2
15024,15,ma©xico,cuautitla¡n,19.6216388888889,-99.2604166666667,1
15025,15,ma©xico,chalco,19.269558519685713,-98.76796166468587,210
15026,15,ma©xico,chapa de mota,19.795324500188435,-99.55706893351112,97
15028,15,ma©xico,chiautla,19.58783124444445,-98.87412083055557,8
15029,15,ma©xico,chicoloapan,19.411319444444445,-98.82796111111111,1
15032,15,ma©xico,donato guerra,19.29610559111418,-100.12578818574895,467
15033,15,ma©xico,ecatepec de morelos,19.57703174235097,-99.07916918126656,92
15034,15,ma©xico,ecatzingo,19.017370121836503,-98.72101614830795,21
15035,15,ma©xico,huehuetoca,19.780501041666675,-99.2725204861111,8
15036,15,ma©xico,hueypoxtla,19.9701666666667,-99.0043888888889,1
15037,15,ma©xico,huixquilucan,19.371201287545777,-99.35997576638178,50
15038,15,ma©xico,isidro fabela,19.562022839851466,-99.42352063710017,68
15039,15,ma©xico,ixtapaluca,19.351355211536493,-98.70814459862365,752
15040,15,ma©xico,ixtapan de la sal,18.85813142978201,-99.69602803279233,113
15041,15,ma©xico,ixtapan del oro,19.272005023661766,-100.27998199435058,34
15042,15,ma©xico,ixtlahuaca,19.568714379084966,-99.86982826732026,17
15043,15,ma©xico,xalatlaco,19.169721733343682,-99.33130475961329,87
15045,15,ma©xico,jilotepec,20.01677711828908,-99.58408849416072,58
15046,15,ma©xico,jilotzingo,19.494287452966127,-99.38030190010552,165
15047,15,ma©xico,jiquipilco,19.586246192962463,-99.58320075776594,45
15048,15,ma©xico,jocotitla¡n,19.745975354788474,-99.82958851679257,106
15049,15,ma©xico,joquicingo,19.083877843590738,-99.5080901747205,84
15050,15,ma©xico,juchitepec,19.102230264922618,-98.93373976286696,112
15051,15,ma©xico,lerma,19.35720410317552,-99.4371233428182,295
15052,15,ma©xico,malinalco,18.924597493084445,-99.50093995387002,40
15056,15,ma©xico,morelos,19.740329774725495,-99.63707061055884,197
15057,15,ma©xico,naucalpan de jua¡rez,19.4688915728886,-99.3322335574173,115
15060,15,ma©xico,nicola¡s romero,19.62513320272881,-99.41512725255866,663
15062,15,ma©xico,ocoyoacac,19.26343906626312,-99.41004739648686,235
15063,15,ma©xico,ocuilan,19.02200588470498,-99.3864522626912,754
15064,15,ma©xico,el oro,19.777773510970185,-100.04617192997458,41
15065,15,ma©xico,otumba,19.644651040401964,-98.77608690736145,17
15066,15,ma©xico,otzoloapan,19.125725121961114,-100.22879670213446,10
15067,15,ma©xico,otzolotepec,19.482863286165816,-99.4948185557299,13
15068,15,ma©xico,ozumba,19.042677625740733,-98.80145660614073,6
15071,15,ma©xico,polotitla¡n,20.1683333333333,-99.7330555555556,1
15074,15,ma©xico,san felipe del progreso,19.60347015444794,-99.98452960984136,89
15075,15,ma©xico,san marta­n de las pira¡mides,19.731367137011112,-98.81988276669387,29
15077,15,ma©xico,san sima³n de guerrero,18.982678068993895,-100.03197825044583,80
15078,15,ma©xico,santo toma¡s,19.160843002605052,-100.24308934953788,22
15079,15,ma©xico,soyaniquilpan de jua¡rez,20.06826143956574,-99.53100266681206,12
15080,15,ma©xico,sultepec,18.803968918190858,-100.00373177350252,45
15081,15,ma©xico,teca¡mac,19.70970051996665,-98.9670317590278,2
15082,15,ma©xico,tejupilco,18.922280365259365,-100.15039322018323,207
15083,15,ma©xico,temamatla,19.17762341269841,-98.90249682539682,7
15085,15,ma©xico,temascalcingo,19.894015991361233,-100.01472221289494,178
15086,15,ma©xico,temascaltepec,19.08291874066231,-99.97634885832339,434
15087,15,ma©xico,temoaya,19.531533849354766,-99.52820142993612,28
15088,15,ma©xico,tenancingo,18.971562463552527,-99.58721851702158,242
15089,15,ma©xico,tenango del aire,19.14668286784074,-98.94682223761295,12
15090,15,ma©xico,tenango del valle,19.08483099134716,-99.63589730070555,188
15093,15,ma©xico,tepetlaoxtoc,19.547900521278077,-98.74439931674844,75
15094,15,ma©xico,tepetlixpa,18.99520695073778,-98.86477704802665,5
15095,15,ma©xico,tepotzotla¡n,19.7226736583886,-99.31977755956154,78
15096,15,ma©xico,tequixquiac,19.877826851851847,-99.16923611111115,3
15097,15,ma©xico,texcaltitla¡n,18.950526951614695,-99.93353379110984,121
15098,15,ma©xico,texcalyacac,19.110284614529913,-99.49116175299147,13
15099,15,ma©xico,texcoco,19.466789929747748,-98.74070663043484,148
15101,15,ma©xico,tianguistenco,19.17677246782678,-99.42268853259075,78
15102,15,ma©xico,timilpan,19.845786121628286,-99.7288456197192,88
15103,15,ma©xico,tlalmanalco,19.217209738976937,-98.74063986537838,226
15104,15,ma©xico,tlalnepantla de baz,19.562156643060174,-99.15507768500838,141
15105,15,ma©xico,tlatlaya,18.555242283554207,-100.28783184190166,33
15106,15,ma©xico,toluca,19.2061227711295,-99.72323284965518,58
15107,15,ma©xico,tonatico,18.793115194771254,-99.65809215490196,17
15109,15,ma©xico,tultitla¡n,19.59106487263807,-99.14498022256585,54
15110,15,ma©xico,valle de bravo,19.186085364747573,-100.10287124888296,835
15111,15,ma©xico,villa de allende,19.366546965983467,-100.12879912070298,330
15112,15,ma©xico,villa del carba³n,19.698891749975047,-99.47622028383614,432
15113,15,ma©xico,villa guerrero,18.983226280148305,-99.69845927427454,213
15114,15,ma©xico,villa victoria,19.45582029208613,-100.06034745065956,302
15115,15,ma©xico,xonacatla¡n,19.453354875309177,-99.45497528384831,23
15116,15,ma©xico,zacazonapan,19.093046084473343,-100.24873834051114,5
15117,15,ma©xico,zacualpan,18.761741754241534,-99.80104730956424,23
15118,15,ma©xico,zinacantepec,19.184235471672128,-99.81490413808216,175
15119,15,ma©xico,zumpahuaca¡n,18.84786002103175,-99.5643122,28
15120,15,ma©xico,zumpango,19.8390555555556,-99.1613611111111,1
15123,15,ma©xico,luvianos,18.902149756272568,-100.37656217802139,64
15124,15,ma©xico,san josa© del rinca³n,19.600002076562905,-100.1602005385365,434
16001,16,michoaca¡n,acuitzio,19.472385484353737,-101.32922306575966,49
16002,16,michoaca¡n,aguililla,18.764651812202377,-102.80208776785715,112
16003,16,michoaca¡n,alvaro obrega³n,19.7930861,-101.057403,1
16005,16,michoaca¡n,angangueo,19.62781680250896,-100.29110672222222,62
16006,16,michoaca¡n,apatzinga¡n,19.100490631250008,-102.35983127777783,16
16007,16,michoaca¡n,aporo,19.66094299368687,-100.39728799999995,44
16008,16,michoaca¡n,aquila,18.439272464052287,-103.35124490522881,34
16009,16,michoaca¡n,ario,19.150384473220488,-101.72466102560762,256
16010,16,michoaca¡n,arteaga,18.364702872043015,-102.33014486379932,31
16013,16,michoaca¡n,cara¡cuaro,19.055409716666677,-101.06294441666658,4
16014,16,michoaca¡n,coahuayana,18.72401319444444,-103.59572361111097,4
16015,16,michoaca¡n,coalcoma¡n de va¡zquez pallares,18.717241412239144,-103.08992025606317,197
16016,16,michoaca¡n,coeneo,19.742609741666662,-101.63121817857142,140
16017,16,michoaca¡n,contepec,19.87906296296299,-100.10478703703684,3
16019,16,michoaca¡n,cotija,19.749088988095245,-102.72832896825396,28
16020,16,michoaca¡n,cuitzeo,20.0158667,-101.069086,1
16021,16,michoaca¡n,charapan,19.665871324102564,-102.20229295726502,65
16022,16,michoaca¡n,charo,19.667888603133907,-100.99792702991454,78
16023,16,michoaca¡n,chavinda,19.98841666666667,-102.47809722222222,1
16024,16,michoaca¡n,chera¡n,19.74252001721798,-102.00863838507209,131
16025,16,michoaca¡n,chilchota,19.822052096833332,-102.07367782944443,200
16026,16,michoaca¡n,chinicuila,18.714916335016834,-103.38122114478111,33
16027,16,michoaca¡n,chuca¡ndiro,19.85699444444445,-101.3652694444445,2
16028,16,michoaca¡n,churintzio,20.0683833,-102.090853,1
16029,16,michoaca¡n,churumuco,18.8431941345679,-101.61801820987657,9
16030,16,michoaca¡n,ecuandureo,20.128881486419743,-102.213363,9
16031,16,michoaca¡n,epitacio huerta,20.12196851851853,-100.33401203703714,6
16032,16,michoaca¡n,erongara­cuaro,19.635039530484327,-101.72194044349476,117
16033,16,michoaca¡n,gabriel zamora,19.258260573835123,-102.04662706451619,31
16034,16,michoaca¡n,hidalgo,19.66846414485313,-100.62970523780331,435
16035,16,michoaca¡n,la huacana,18.959675351559454,-101.79001036744648,114
16036,16,michoaca¡n,huandacareo,20.0148061111111,-101.35073673333339,5
16037,16,michoaca¡n,huaniqueo,19.93535833333332,-101.5121188888888,5
16038,16,michoaca¡n,huetamo,18.699745050617278,-100.96031483950615,9
16039,16,michoaca¡n,huiramba,19.5300812865497,-101.47520248538014,19
16040,16,michoaca¡n,indaparapeo,19.696898809523805,-100.90935952380947,7
16041,16,michoaca¡n,irimbo,19.708764120833333,-100.46887780555556,24
16043,16,michoaca¡n,jacona,19.91084056444446,-102.3434516222222,5
16044,16,michoaca¡n,jima©nez,19.927582100000006,-101.7547722283951,36
16045,16,michoaca¡n,jiquilpan,19.965978244444432,-102.73192220370366,6
16046,16,michoaca¡n,jua¡rez,19.3070458222222,-100.40504983333349,2
16047,16,michoaca¡n,jungapeo,19.47707052592593,-100.52736745061733,18
16048,16,michoaca¡n,lagunillas,19.60816726190476,-101.3945834444445,28
16049,16,michoaca¡n,madero,19.37581924265233,-101.22667075044801,124
16050,16,michoaca¡n,maravata­o,19.858811841520467,-100.42685308187131,57
16051,16,michoaca¡n,marcos castellanos,19.990877794444444,-102.99893836111121,4
16052,16,michoaca¡n,la¡zaro ca¡rdenas,18.172448619444445,-102.34375952777778,4
16053,16,michoaca¡n,morelia,19.660298166848584,-101.24029801945144,794
16054,16,michoaca¡n,morelos,19.968275,-101.45881805555544,4
16056,16,michoaca¡n,nahuatzen,19.638715606794563,-101.87605991766591,139
16057,16,michoaca¡n,nocupa©taro,19.134724294444446,-101.19264172222205,4
16058,16,michoaca¡n,nuevo parangaricutiro,19.41350192478633,-102.18834429487181,26
16059,16,michoaca¡n,nuevo urecho,19.144980078730164,-101.83387397142862,35
16061,16,michoaca¡n,ocampo,19.576718856481484,-100.34133465669512,156
16062,16,michoaca¡n,pajacuara¡n,20.10731354166665,-102.55393923611106,8
16063,16,michoaca¡n,paninda­cuaro,19.95442673611111,-101.71442845833324,8
16064,16,michoaca¡n,para¡cuaro,19.209777072222224,-102.22820636111125,4
16065,16,michoaca¡n,paracho,19.64848556263693,-102.07489186071987,284
16066,16,michoaca¡n,pa¡tzcuaro,19.496880685583434,-101.61138266387894,279
16068,16,michoaca¡n,periba¡n,19.4721049769392,-102.42272562473796,53
16070,16,michoaca¡n,pura©pero,19.88718941007753,-102.02887693023246,43
16071,16,michoaca¡n,purua¡ndiro,20.079852400000004,-101.52658546969691,22
16072,16,michoaca¡n,quera©ndaro,19.72732260454545,-100.8285737222222,22
16073,16,michoaca¡n,quiroga,19.721176444155844,-101.54568600432899,77
16074,16,michoaca¡n,cojumatla¡n de ra©gules,20.137580555555555,-102.92597500000001,1
16075,16,michoaca¡n,los reyes,19.66260573411306,-102.39650762703052,171
16077,16,michoaca¡n,san lucas,18.538615977777773,-100.7337096944445,4
16079,16,michoaca¡n,salvador escalante,19.41079819017921,-101.63877994265233,155
16080,16,michoaca¡n,senguio,19.73288824424603,-100.320956843254,56
16081,16,michoaca¡n,susupuato,19.27218555555553,-100.37321055555563,5
16082,16,michoaca¡n,taca¡mbaro,19.251938866581195,-101.46250524401712,130
16083,16,michoaca¡n,tanca­taro,19.34829523722944,-102.33313944588741,77
16084,16,michoaca¡n,tangamandapio,19.84023137438596,-102.44878727251462,95
16085,16,michoaca¡n,tanganca­cuaro,19.841516049753093,-102.2598212765432,90
16087,16,michoaca¡n,taretan,19.34670904415954,-101.91184252991457,39
16088,16,michoaca¡n,tara­mbaro,19.77786916666667,-101.13339162222215,10
16089,16,michoaca¡n,tepalcatepec,19.024249305555543,-102.9784166666667,4
16090,16,michoaca¡n,tingambato,19.54774101851852,-101.83009500000001,90
16091,16,michoaca¡n,tinga¼inda­n,19.767780217886173,-102.46570418970195,41
16092,16,michoaca¡n,tiquicheo de nicola¡s romero,19.170143522222222,-100.84049233333333,3
16093,16,michoaca¡n,tlalpujahua,19.766578943669245,-100.21020109560726,43
16095,16,michoaca¡n,tocumbo,19.671130077650066,-102.51857562324395,87
16096,16,michoaca¡n,tumbiscata­o,18.509306542129632,-102.52562617361112,48
16097,16,michoaca¡n,turicato,19.01958655878136,-101.52444417204302,31
16098,16,michoaca¡n,tuxpan,19.579517390277783,-100.46022163541666,96
16099,16,michoaca¡n,tuzantla,19.320948480808063,-100.61551763636345,11
16100,16,michoaca¡n,tzintzuntzan,19.60621865151515,-101.57769039826837,77
16101,16,michoaca¡n,tzitzio,19.500434673809526,-100.94918115476183,56
16102,16,michoaca¡n,uruapan,19.43852176466802,-102.05757988668698,656
16103,16,michoaca¡n,venustiano carranza,20.1181416666667,-102.611288888889,1
16104,16,michoaca¡n,villamar,19.996185000000004,-102.58982722222247,5
16107,16,michoaca¡n,zacapu,19.776985992682924,-101.81788920054197,164
16108,16,michoaca¡n,zamora,19.968541666666667,-102.24925,2
16109,16,michoaca¡n,zina¡paro,20.1432111111111,-102.02739907407401,3
16110,16,michoaca¡n,zinapa©cuaro,19.844788114102567,-100.76539166132476,104
16111,16,michoaca¡n,ziracuaretiro,19.425281436585365,-101.92758437579045,123
16112,16,michoaca¡n,zita¡cuaro,19.459729689694043,-100.34817553864738,138
17001,17,morelos,amacuzac,18.57468814962963,-99.41717796148149,15
17002,17,morelos,atlatlahucan,18.98050069444444,-98.870484375,8
17004,17,morelos,ayala,18.73704083993994,-99.0300957963964,37
17005,17,morelos,coatla¡n del ra­o,18.738099439999996,-99.43741720444446,5
17006,17,morelos,cuautla,18.832955555555554,-99.01442916666667,4
17007,17,morelos,cuernavaca,18.98145770480769,-99.25308209107908,208
17008,17,morelos,emiliano zapata,18.830024166666675,-99.15842194444446,10
17009,17,morelos,huitzilac,19.069312738908803,-99.25364459872561,558
17010,17,morelos,jantetelco,18.7058416666667,-98.7497472222222,1
17011,17,morelos,jiutepec,18.866923412169324,-99.13487909947091,21
17012,17,morelos,jojutla,18.573708567592586,-99.18531689537038,12
17013,17,morelos,jonacatepec de leandro valle,18.640205555555553,-98.76608333333333,1
17014,17,morelos,mazatepec,18.668565277777798,-99.37401666666666,2
17015,17,morelos,miacatla¡n,18.831605161111117,-99.34789563730159,14
17016,17,morelos,ocuituco,18.9019444444444,-98.7823333333333,1
17017,17,morelos,puente de ixtla,18.620038888888896,-99.31088889259259,18
17018,17,morelos,temixco,18.8173496288889,-99.28967648592594,15
17019,17,morelos,tepalcingo,18.5444597222222,-98.9193666666667,2
17020,17,morelos,tepoztla¡n,18.971239178939584,-99.13512301432193,526
17021,17,morelos,tetecala,18.72683888888889,-99.41736851851853,6
17022,17,morelos,tetela del volca¡n,18.938534073703696,-98.70193870296298,30
17023,17,morelos,tlalnepantla,19.047261901476787,-99.00565393867792,158
17024,17,morelos,tlaltizapa¡n de zapata,18.69414074074074,-99.09281203703704,12
17025,17,morelos,tlaquiltenango,18.50741686547619,-99.10630694285715,28
17026,17,morelos,tlayacapan,18.95939505802468,-98.9946512308642,9
17027,17,morelos,totolapan,19.004244797222206,-98.92300486388889,8
17028,17,morelos,xochitepec,18.73879047671958,-99.23048200793652,21
17029,17,morelos,yautepec,18.873713758785527,-99.09095536162792,86
17030,17,morelos,yecapixtla,18.92617055555556,-98.82798500000003,5
17031,17,morelos,zacatepec,18.62410786296296,-99.23452777407408,6
17034,17,morelos,coatetelco,18.75533611111111,-99.336925,1
17035,17,morelos,xoxocotla,18.668032464583327,-99.2248218736111,16
17036,17,morelos,hueyapan,18.8853027777778,-98.70245,1
17123,17,morelos,emiliano zapata,18.8273,-99.1544277777778,1
18001,18,nayarit,acaponeta,22.425583333716478,-105.21729742528731,29
18002,18,nayarit,ahuacatla¡n,21.04670110444446,-104.5193711555554,5
18003,18,nayarit,amatla¡n de caa±as,20.912038692857134,-104.38723669841279,14
18004,18,nayarit,compostela,21.17868722285715,-104.96920196507938,35
18005,18,nayarit,huajicori,22.81433354632479,-105.23587342905984,65
18006,18,nayarit,ixtla¡n del ra­o,20.997666043827156,-104.3741652345679,18
18007,18,nayarit,jala,21.159677490613028,-104.41515718007669,58
18008,18,nayarit,xalisco,21.40615481314815,-104.90021341851859,60
18009,18,nayarit,del nayar,22.20483940625349,-104.62855744221108,199
18010,18,nayarit,rosamorada,22.174779761904762,-105.13617261904764,14
18012,18,nayarit,san blas,21.511021666666682,-105.1615555555554,5
18013,18,nayarit,san pedro lagunillas,21.265069673379628,-104.73979515509262,48
18014,18,nayarit,santa mara­a del oro,21.289565684133915,-104.64067775303252,229
18015,18,nayarit,santiago ixcuintla,21.91768541944445,-105.30587355555575,4
18016,18,nayarit,tecuala,22.28102639444445,-105.2956430555555,2
18017,18,nayarit,tepic,21.508319668160095,-104.85304409737158,186
18018,18,nayarit,tuxpan,21.914924540740742,-105.27950092592579,6
18019,18,nayarit,la yesca,21.746003986559142,-104.20115019593788,186
18020,18,nayarit,baha­a de banderas,20.88092916666665,-105.33955069444426,4
19001,19,nuevo lea³n,abasolo,25.9220527777778,-100.430733333333,1
19004,19,nuevo lea³n,allende,25.30558194444445,-100.081698611111,2
19007,19,nuevo lea³n,aramberri,24.240147829410756,-99.8369461365611,39
19008,19,nuevo lea³n,bustamante,26.534012037037048,-100.55500972222217,6
19010,19,nuevo lea³n,el carmen,25.87280277777778,-100.40504722222222,1
19014,19,nuevo lea³n,doctor arroyo,23.70579292671453,-100.30487695426223,33
19017,19,nuevo lea³n,galeana,24.883486623910546,-100.26335214020035,134
19018,19,nuevo lea³n,garca­a,25.748849027777776,-100.67214993055558,40
19019,19,nuevo lea³n,san pedro garza garca­a,25.687227033095454,-100.40739675445819,6
19024,19,nuevo lea³n,general zaragoza,23.91632252526326,-99.78366155254177,40
19026,19,nuevo lea³n,guadalupe,25.630089816231067,-100.229106477171,3
19028,19,nuevo lea³n,higueras,26.0577777777778,-99.9376416666667,1
19030,19,nuevo lea³n,iturbide,24.694490186493613,-99.87457481515064,15
19032,19,nuevo lea³n,lampazos de naranjo,26.9081381930263,-100.4132097860375,2
19033,19,nuevo lea³n,linares,24.723482398438765,-99.79812685512206,8
19037,19,nuevo lea³n,mina,26.292348148148147,-100.61512638888887,6
19038,19,nuevo lea³n,montemorelos,25.09782817521499,-99.99831428430835,7
19039,19,nuevo lea³n,monterrey,25.729672569444453,-100.36852083333333,8
19042,19,nuevo lea³n,los ramones,25.6928055555556,-99.695,1
19043,19,nuevo lea³n,rayones,25.104717810706752,-100.16075767910218,17
19045,19,nuevo lea³n,salinas victoria,26.213727409629644,-100.29440797037039,15
19046,19,nuevo lea³n,san nicola¡s de los garza,25.757991666666666,-100.32788333333333,1
19047,19,nuevo lea³n,hidalgo,26.0781972222222,-100.456808333333,1
19048,19,nuevo lea³n,santa catarina,25.610311409920637,-100.4609518055556,28
19049,19,nuevo lea³n,santiago,25.345500293063633,-100.23537298485964,49
19051,19,nuevo lea³n,villaldama,26.43163777777778,-100.43138166666661,5
20001,20,oaxaca,abejones,17.493,-96.64385,1
20002,20,oaxaca,acatla¡n de pa©rez figueroa,18.4628493125,-96.55382048055556,8
20003,20,oaxaca,asuncia³n cacalotepec,17.043258333333338,-95.92168750000002,4
20005,20,oaxaca,asuncia³n ixtaltepec,16.768023333333332,-94.8659161111111,5
20006,20,oaxaca,asuncia³n nochixtla¡n,17.36360777333333,-97.19456916888889,10
20008,20,oaxaca,asuncia³n tlacolulita,16.155324999999998,-95.76127777777778,1
20009,20,oaxaca,ayotzintepec,17.69976018518521,-96.1662712962963,3
20012,20,oaxaca,candelaria loxicha,15.959471468686864,-96.53433383030303,11
20015,20,oaxaca,coatecas altas,16.534194444444452,-96.6646527777778,2
20016,20,oaxaca,coicoya¡n de las flores,17.2699722222222,-98.2812222222222,1
20017,20,oaxaca,la compaa±a­a,16.583963887037033,-96.90197545740743,6
20019,20,oaxaca,concepcia³n pa¡palo,17.859980555555566,-96.81763055555554,6
20020,20,oaxaca,constancia del rosario,17.055210317460315,-97.99415277777777,7
20021,20,oaxaca,cosolapa,18.5861034611111,-96.6587173638889,4
20023,20,oaxaca,cuila¡pam de guerrero,16.913889583333336,-96.77939861111113,8
20024,20,oaxaca,cuyamecalco villa de zaragoza,17.97064722222223,-96.84228935185183,6
20026,20,oaxaca,chalcatongo de hidalgo,16.975114999999995,-97.59789555555555,5
20027,20,oaxaca,chiquihuitla¡n de benito jua¡rez,18.016425,-96.7401722222222,1
20028,20,oaxaca,heroica ciudad de ejutla de crespo,16.591701111111117,-96.71148444444447,5
20031,20,oaxaca,tamazula¡pam del espa­ritu santo,17.066788872222222,-96.0177639,2
20035,20,oaxaca,guelatao de jua¡rez,17.3079555555556,-96.4897083333334,1
20036,20,oaxaca,guevea de humboldt,16.87735416666665,-95.3777055388889,2
20037,20,oaxaca,mesones hidalgo,16.93121444444442,-98.02272333333335,5
20038,20,oaxaca,villa hidalgo,17.1725,-96.1413888888889,1
20039,20,oaxaca,heroica ciudad de huajuapan de lea³n,17.84806526666665,-97.87330832222224,2
20040,20,oaxaca,huautepec,18.086517599999997,-96.78406203333333,3
20041,20,oaxaca,huautla de jima©nez,18.09363889074073,-96.81145232037038,6
20042,20,oaxaca,ixtla¡n de jua¡rez,17.38286795555555,-96.42026880769231,13
20043,20,oaxaca,heroica ciudad de juchita¡n de zaragoza,16.5659777777778,-94.90204166666665,2
20045,20,oaxaca,magdalena apasco,17.24375,-96.76305555555555,2
20046,20,oaxaca,magdalena jaltepec,17.166932988888888,-97.29608541111111,8
20048,20,oaxaca,magdalena mixtepec,16.875762037037035,-96.93374999999999,3
20050,20,oaxaca,magdalena pea±asco,17.2108333333333,-97.5638888888889,1
20052,20,oaxaca,magdalena tequisistla¡n,16.343563888888887,-95.5586142361111,8
20057,20,oaxaca,mata­as romero avendaa±o,17.2830638888889,-94.9370805555556,1
20058,20,oaxaca,mazatla¡n villa de flores,17.97617704,-96.89598610888888,15
20059,20,oaxaca,miahuatla¡n de porfirio da­az,16.3429072580645,-96.6057791218638,31
20060,20,oaxaca,mixistla¡n de la reforma,17.1751944444444,-96.099,1
20061,20,oaxaca,monjas,16.35780625,-96.61976597222223,4
20064,20,oaxaca,nejapa de madero,16.75614047619048,-95.70098968174605,14
20066,20,oaxaca,santiago niltepec,16.579511111111113,-94.54308849206349,7
20067,20,oaxaca,oaxaca de jua¡rez,17.068238114754102,-96.70201047358836,61
20068,20,oaxaca,ocotla¡n de morelos,16.777061111111134,-96.69514351851853,3
20070,20,oaxaca,pinotepa de don luis,16.423658333333332,-97.9367037037037,3
20071,20,oaxaca,pluma hidalgo,15.920348608333326,-96.39964028611112,4
20072,20,oaxaca,san josa© del progreso,16.675152777777775,-96.69504166666668,4
20073,20,oaxaca,putla villa de guerrero,17.013117657142853,-97.87215704722223,28
20074,20,oaxaca,santa catarina quioquitani,16.2958763888889,-96.23524583333335,2
20075,20,oaxaca,reforma de pineda,16.389143333333344,-94.43140555555559,5
20076,20,oaxaca,la reforma,16.62020277979798,-97.875067420202,11
20078,20,oaxaca,rojas de cuauhta©moc,16.9838888888889,-96.6341666666667,1
20079,20,oaxaca,salina cruz,16.1909277777778,-95.2728083333333,1
20080,20,oaxaca,san agusta­n amatengo,16.5111777777778,-96.7919472222222,1
20082,20,oaxaca,san agusta­n chayuco,16.5011111111111,-97.7491666666667,1
20083,20,oaxaca,san agusta­n de las juntas,17.000462037037035,-96.69854814814813,3
20084,20,oaxaca,san agusta­n etla,17.205570370370385,-96.73643055555556,6
20085,20,oaxaca,san agusta­n loxicha,16.033237534920634,-96.6385956325397,14
20086,20,oaxaca,san agusta­n tlacotepec,17.1907361111111,-97.49497222222226,2
20088,20,oaxaca,san andra©s cabecera nueva,16.856160758333324,-97.82987464861112,8
20091,20,oaxaca,san andra©s huaya¡pam,17.127963899999976,-96.6631819388889,4
20092,20,oaxaca,san andra©s ixtlahuaca,17.070936099999997,-96.83111806666665,2
20093,20,oaxaca,san andra©s lagunas,17.5573888888889,-97.5111388888889,1
20095,20,oaxaca,san andra©s paxtla¡n,16.21536722222222,-96.49711999999998,5
20097,20,oaxaca,san andra©s solaga,17.2403472222222,-96.2205944444445,1
20100,20,oaxaca,san andra©s yaa¡,17.299847219444437,-96.12245348055555,4
20101,20,oaxaca,san andra©s zabache,16.59781944444445,-96.8586388888889,2
20102,20,oaxaca,san andra©s zautla,17.172629629629615,-96.87342129629629,6
20104,20,oaxaca,san antonino el alto,16.84175,-96.9932222222222,1
20105,20,oaxaca,san antonino monte verde,17.5020333333333,-97.7910333333333,1
20107,20,oaxaca,san antonio de la cal,17.025805952380942,-96.68424722222224,7
20108,20,oaxaca,san antonio huitepec,16.882547222222232,-97.13638518518519,3
20113,20,oaxaca,san baltazar loxicha,16.0612111111111,-96.76673333333335,2
20114,20,oaxaca,san baltazar yatzachi el bajo,17.2120833333333,-96.2099166666667,1
20115,20,oaxaca,san bartolo coyotepec,16.928844444444426,-96.70710277777775,4
20116,20,oaxaca,san bartoloma© ayautla,18.0385277777778,-96.6610833333333,1
20117,20,oaxaca,san bartoloma© loxicha,15.952955981196594,-96.74199337521367,13
20119,20,oaxaca,san bartoloma© yucuaa±e,17.217351851851834,-97.45183981481483,3
20120,20,oaxaca,san bartoloma© zoogocho,17.2480277777778,-96.2585277777778,1
20123,20,oaxaca,san bernardo mixtepec,16.84653335,-96.90847085,2
20125,20,oaxaca,san carlos yautepec,16.378154843174606,-96.00477206793651,35
20126,20,oaxaca,san crista³bal amatla¡n,16.292041670370367,-96.36595556666667,3
20130,20,oaxaca,san dionisio del mar,16.3906361111111,-94.6199,1
20131,20,oaxaca,san dionisio ocotepec,16.81342388000001,-96.32575945111111,5
20132,20,oaxaca,san dionisio ocotla¡n,16.7636666666667,-96.6952777777778,1
20133,20,oaxaca,san esteban atatlahuca,17.063825,-97.7073166666667,1
20134,20,oaxaca,san felipe jalapa de da­az,18.07509166666666,-96.5698111111111,2
20135,20,oaxaca,san felipe tejala¡pam,17.11149722222225,-96.8738152777778,2
20136,20,oaxaca,san felipe usila,17.8731257,-96.47306458055554,4
20137,20,oaxaca,san francisco cahuacua¡,16.896236108333333,-97.30843403055555,4
20138,20,oaxaca,san francisco cajonos,17.163286111111102,-96.2992074074074,3
20139,20,oaxaca,san francisco chapulapa,17.9435583,-96.7446222,1
20142,20,oaxaca,san francisco huehuetla¡n,18.2025264111111,-96.93802081666665,2
20143,20,oaxaca,san francisco ixhuata¡n,16.27235555555555,-94.4646888888889,2
20145,20,oaxaca,san francisco lachigola³,17.0218935185185,-96.58734537037037,3
20149,20,oaxaca,san francisco sola,16.53745069444443,-96.92056354166667,16
20150,20,oaxaca,san francisco telixtlahuaca,17.330055282222215,-96.94272694111112,10
20152,20,oaxaca,san francisco tlapancingo,17.4472777777778,-98.2138055555556,1
20153,20,oaxaca,san gabriel mixtepec,16.06777611111111,-97.0695727777778,5
20154,20,oaxaca,san ildefonso amatla¡n,16.287045833333334,-96.46107500000001,6
20155,20,oaxaca,san ildefonso sola,16.6021638888889,-96.9391833333333,1
20156,20,oaxaca,san ildefonso villa alta,17.360430577777798,-96.1307083388889,2
20157,20,oaxaca,san jacinto amilpas,17.1095083333333,-96.7507777777778,1
20159,20,oaxaca,san jera³nimo coatla¡n,16.2441851851852,-96.95909166666667,6
20160,20,oaxaca,san jera³nimo silacayoapilla,17.82344074074072,-97.88246759259262,3
20161,20,oaxaca,san jera³nimo sosola,17.3428749952381,-97.04993135238097,7
20166,20,oaxaca,san josa© chiltepec,17.935482407407434,-96.13944814814818,3
20167,20,oaxaca,san josa© del pea±asco,16.2693513777778,-96.48187986666667,4
20171,20,oaxaca,san josa© tenango,18.1287090111111,-96.70821734722222,4
20172,20,oaxaca,san juan achiutla,17.3349166666667,-97.4842222222222,1
20173,20,oaxaca,san juan atepec,17.466075,-96.5186625,2
20175,20,oaxaca,san juan bautista atatlahuca,17.588693253968252,-96.75948769841268,7
20177,20,oaxaca,san juan bautista cuicatla¡n,17.6418537037037,-96.98319166666664,3
20178,20,oaxaca,san juan bautista guelache,17.22773101944446,-96.76062592685186,12
20179,20,oaxaca,san juan bautista jayacatla¡n,17.4427777777778,-96.7527777777778,1
20182,20,oaxaca,san juan bautista tlacoatzintepec,17.87162222222222,-96.57827222222222,1
20184,20,oaxaca,san juan bautista tuxtepec,17.97602499999999,-96.09633888888891,2
20185,20,oaxaca,san juan cacahuatepec,16.64399722222225,-98.17491388888891,2
20187,20,oaxaca,san juan coatza³spam,18.037496288888885,-96.7417425851852,6
20188,20,oaxaca,san juan colorado,16.5085194444444,-97.9261972222222,1
20189,20,oaxaca,san juan comaltepec,17.3632708333333,-95.9607722222222,2
20190,20,oaxaca,san juan cotzoca³n,17.364283587878788,-95.48358080707071,11
20191,20,oaxaca,san juan chicomezaºchil,17.30506388888889,-96.51323333333333,1
20192,20,oaxaca,san juan chilateca,16.7493611111111,-96.6747222222222,1
20193,20,oaxaca,san juan del estado,17.3176833,-96.723775,1
20196,20,oaxaca,san juan evangelista analco,17.3916388888889,-96.5233861111111,1
20197,20,oaxaca,san juan guelava­a,16.9536083333333,-96.5446611111111,1
20198,20,oaxaca,san juan guichicovi,17.063188888888902,-95.03517221666668,4
20199,20,oaxaca,san juan ihualtepec,17.764356481481467,-98.30071572962963,3
20200,20,oaxaca,san juan juquila mixes,16.916799077777778,-95.90137731481484,12
20202,20,oaxaca,san juan lachao,16.21834611777778,-97.14146889111112,5
20203,20,oaxaca,san juan lachigalla,16.601,-96.5774444444444,1
20205,20,oaxaca,san juan lalana,17.476913425925932,-95.68028796296296,6
20206,20,oaxaca,san juan de los cua©s,18.065337037037068,-96.99102222222223,3
20207,20,oaxaca,san juan mazatla¡n,17.080247563888882,-95.4534743013889,8
20208,20,oaxaca,san juan mixtepec - dto. 08,17.368557539682545,-97.83835330687832,21
20210,20,oaxaca,san juan auma­,17.395580555555547,-97.80398472222225,2
20211,20,oaxaca,san juan ozolotepec,16.09766944285715,-96.22335356666667,7
20213,20,oaxaca,san juan quiahije,16.31989444444444,-97.34499404761905,7
20214,20,oaxaca,san juan quiotepec,17.58513795740741,-96.56546805,6
20217,20,oaxaca,san juan tamazola,17.11750611555555,-97.20175804888889,10
20218,20,oaxaca,san juan teita,17.08118333111112,-97.41212832444444,5
20219,20,oaxaca,san juan teitipac,16.8959388888889,-96.59332498333335,2
20220,20,oaxaca,san juan tepeuxila,17.7202778,-96.7902778,1
20222,20,oaxaca,san juan yaea©,17.453311111111148,-96.2578013888889,2
20226,20,oaxaca,san lorenzo albarradas,16.876604166666652,-96.30208333333337,2
20227,20,oaxaca,san lorenzo cacaotepec,17.12166296296297,-96.82745,3
20229,20,oaxaca,san lorenzo texmelaºcan,16.5798722222222,-97.1520027777778,1
20231,20,oaxaca,san lucas camotla¡n,16.98138890555555,-95.6909722111111,2
20232,20,oaxaca,san lucas ojitla¡n,18.019495560000003,-96.37320334,5
20233,20,oaxaca,san lucas quiavina­,16.8533472,-96.4580028,1
20236,20,oaxaca,san marcial ozolotepec,16.0156944444444,-96.4013305555556,1
20238,20,oaxaca,san marta­n de los cansecos,16.6641666666667,-96.6928611111111,1
20239,20,oaxaca,san marta­n huamelaºlpam,17.40664445,-97.57734585,2
20240,20,oaxaca,san marta­n itunyoso,17.205715125925924,-97.8782709888889,9
20241,20,oaxaca,san marta­n lachila¡,16.5985277777778,-96.8377777777778,1
20242,20,oaxaca,san marta­n peras,17.346991677777766,-98.2374851925926,3
20243,20,oaxaca,san marta­n tilcajete,16.893195502645497,-96.68562195767196,21
20244,20,oaxaca,san marta­n toxpalan,18.0965555555556,-97.0037222222222,1
20246,20,oaxaca,san mateo cajonos,17.1763888888889,-96.2038888888889,1
20247,20,oaxaca,capula¡lpam de ma©ndez,17.3078305388889,-96.4203527722222,2
20251,20,oaxaca,san mateo neja¡pam,17.675275000000003,-98.41378333333334,1
20252,20,oaxaca,san mateo pea±asco,17.141152777777798,-97.51930416666664,2
20253,20,oaxaca,san mateo pia±as,15.968493518518533,-96.34767407407406,3
20254,20,oaxaca,san mateo ra­o hondo,16.13650493333332,-96.49886111358025,9
20255,20,oaxaca,san mateo sindihui,16.9655152722222,-97.34342085555555,2
20257,20,oaxaca,san melchor betaza,17.2525722222222,-96.1203388888889,1
20259,20,oaxaca,san miguel ahuehuetitla¡n,17.705027777777776,-98.30539722222225,4
20260,20,oaxaca,san miguel aloa¡pam,17.426000000000002,-96.6565,2
20262,20,oaxaca,san miguel amatla¡n,17.1191666666667,-96.4608333333333,1
20263,20,oaxaca,san miguel coatla¡n,16.227024999999983,-96.67790277777777,2
20265,20,oaxaca,san miguel chimalapa,16.659100905925925,-94.43253767563786,135
20266,20,oaxaca,san miguel del puerto,16.034467966319454,-96.07135451388889,32
20268,20,oaxaca,san miguel ejutla,16.6098055555556,-96.7439444444445,1
20269,20,oaxaca,san miguel el grande,17.046845138888887,-97.61885486111112,4
20271,20,oaxaca,san miguel mixtepec,16.768598155555566,-96.93734076296296,3
20272,20,oaxaca,san miguel panixtlahuaca,16.22911626984127,-97.3908626984127,7
20273,20,oaxaca,san miguel peras,16.916725233333334,-97.00422037222222,12
20275,20,oaxaca,san miguel quetzaltepec,16.983891661111112,-95.78350694074076,6
20276,20,oaxaca,san miguel santa flor,17.9179583333333,-96.8130944444444,1
20277,20,oaxaca,villa sola de vega,16.453753992129627,-97.0141326375,48
20278,20,oaxaca,san miguel soyaltepec,18.27806527777775,-96.45766388888885,2
20279,20,oaxaca,san miguel suchixtepec,16.0100555555556,-96.4468333333333,1
20280,20,oaxaca,villa talea de castro,17.3986625,-96.22898194444446,2
20282,20,oaxaca,san miguel tenango,16.2356111111111,-95.5882763888889,2
20283,20,oaxaca,san miguel tequixtepec,17.8180277777778,-97.38785,1
20284,20,oaxaca,san miguel tilquia¡pam,16.792881944444453,-96.56527777777777,4
20285,20,oaxaca,san miguel tlacamama,16.434037500000002,-98.0795763888889,2
20286,20,oaxaca,san miguel tlacotepec,17.4731361111111,-98.0010944444444,1
20291,20,oaxaca,san pablo coatla¡n,16.191724768518508,-96.78558796296295,12
20292,20,oaxaca,san pablo cuatro venados,16.9804861111111,-96.8897666666667,1
20293,20,oaxaca,san pablo etla,17.156364285714286,-96.7305404761905,7
20294,20,oaxaca,san pablo huitzo,17.268872219753078,-96.92261944938274,9
20295,20,oaxaca,san pablo huixtepec,16.781643255555558,-96.82021230000001,7
20296,20,oaxaca,san pablo macuiltianguis,17.51205416666665,-96.4658027777778,2
20297,20,oaxaca,san pablo tijaltepec,16.9911917,-97.518275,1
20298,20,oaxaca,san pablo villa de mitla,16.985166671604922,-96.31890031111112,9
20299,20,oaxaca,san pablo yaganiza,17.1334611111111,-96.1931194444445,1
20300,20,oaxaca,san pedro amuzgos,16.669106662222212,-98.0803044511111,5
20301,20,oaxaca,san pedro apa³stol,16.7051666666667,-96.77125,1
20306,20,oaxaca,san pedro el alto,16.116065079365068,-96.5650630952381,7
20307,20,oaxaca,san pedro huamelula,15.9959611111111,-95.7164138888889,1
20310,20,oaxaca,san pedro ixtlahuaca,17.0398055555556,-96.7731944444444,1
20314,20,oaxaca,san pedro juchatengo,16.32172222222225,-97.13202777777781,2
20315,20,oaxaca,san pedro ma¡rtir,16.7316111111111,-96.6957777777778,1
20316,20,oaxaca,san pedro ma¡rtir quiechapa,16.413354166666664,-96.21741944444443,2
20318,20,oaxaca,san pedro mixtepec - dto. 22,15.99987138111111,-96.9137527777778,10
20319,20,oaxaca,san pedro mixtepec - dto. 26,16.216723611111124,-96.2444326388889,4
20323,20,oaxaca,san pedro ocotepec,16.966925,-95.8056805555556,1
20324,20,oaxaca,san pedro pochutla,15.825246229100523,-96.39875562195768,42
20325,20,oaxaca,san pedro quiatoni,16.77719444444445,-96.05755555555555,2
20326,20,oaxaca,san pedro sochia¡pam,17.8249694444444,-96.6372888888889,1
20327,20,oaxaca,san pedro tapanatepec,16.344606486008225,-94.15702109053498,27
20329,20,oaxaca,san pedro teozacoalco,16.983345370370333,-97.28855462962963,3
20330,20,oaxaca,san pedro teutila,17.9984199074074,-96.63509907777778,6
20334,20,oaxaca,villa de tututepec,16.079995987654318,-97.62416250123457,18
20336,20,oaxaca,san pedro ya³lox,17.6345444444444,-96.6063611111111,1
20337,20,oaxaca,san pedro y san pablo ayutla,17.021582325757578,-96.11580177171717,22
20339,20,oaxaca,san pedro y san pablo teposcolula,17.529333338888875,-97.54441390000002,4
20344,20,oaxaca,san sebastia¡n coatla¡n,16.126861111111126,-96.86900555555553,2
20347,20,oaxaca,san sebastia¡n ra­o hondo,16.21102777777775,-96.46820416666671,2
20348,20,oaxaca,san sebastia¡n tecomaxtlahuaca,17.34710555679014,-98.07943764814814,9
20350,20,oaxaca,san sebastia¡n tutla,17.0449638888889,-96.67659444444445,2
20351,20,oaxaca,san sima³n almolongas,16.371044444444433,-96.77369629629628,3
20352,20,oaxaca,san sima³n zahuatla¡n,17.8243083333333,-97.9733527777778,1
20355,20,oaxaca,santa ana cuauhta©moc,18.005235413888876,-96.80334514166668,4
20357,20,oaxaca,santa ana tavela,16.639379629629598,-95.89038333333333,3
20358,20,oaxaca,santa ana tlapacoyan,16.750861111111135,-96.88993518518517,3
20360,20,oaxaca,santa ana zegache,16.863419444444453,-96.7306791666667,2
20361,20,oaxaca,santa catalina quiera­,16.323001587301572,-96.23999960317462,7
20362,20,oaxaca,santa catarina cuixtla,16.289523148148167,-96.65258333333334,3
20363,20,oaxaca,santa catarina ixtepeji,17.205854999999996,-96.58706444222223,15
20364,20,oaxaca,santa catarina juquila,16.24931621292517,-97.26863696099774,49
20365,20,oaxaca,santa catarina lachatao,17.187473148148133,-96.49461203703703,3
20366,20,oaxaca,santa catarina loxicha,16.07251388888889,-96.73232777777778,1
20369,20,oaxaca,santa catarina quiana©,16.885191666666667,-96.7241884259259,6
20371,20,oaxaca,santa catarina ticua¡,17.0851666666667,-97.5183666666667,1
20372,20,oaxaca,santa catarina yosonotaº,17.00282778444444,-97.69189945333332,5
20373,20,oaxaca,santa catarina zapoquila,17.9854583,-97.5577833,1
20374,20,oaxaca,santa cruz acatepec,18.1569444,-96.8725,1
20375,20,oaxaca,santa cruz amilpas,17.1653611111111,-96.6058055555555,1
20377,20,oaxaca,santa cruz itundujia,16.69920624761905,-97.70322976507937,28
20378,20,oaxaca,santa cruz mixtepec,16.79308101851853,-96.86819027777779,6
20379,20,oaxaca,santa cruz nundaco,17.1843639,-97.7358722,1
20383,20,oaxaca,santa cruz tayata,17.3669444444444,-97.5558333333333,1
20384,20,oaxaca,santa cruz xitla,16.297866666666692,-96.68775277777777,2
20385,20,oaxaca,santa cruz xoxocotla¡n,17.039383332921812,-96.6820181069959,27
20386,20,oaxaca,santa cruz zenzontepec,16.64428611666667,-97.49575370740745,6
20387,20,oaxaca,santa gertrudis,17.134487037037033,-96.87012685185186,3
20388,20,oaxaca,santa ina©s del monte,16.9330389,-96.85733425555554,3
20392,20,oaxaca,santa luca­a monteverde,16.96134361111112,-97.7236738888889,10
20394,20,oaxaca,santa mara­a alotepec,17.058108333333337,-95.80941888888889,5
20396,20,oaxaca,santa mara­a la asuncia³n,18.0986111,-96.81888889999999,2
20397,20,oaxaca,heroica ciudad de tlaxiaco,17.240825261006293,-97.68190623752622,53
20398,20,oaxaca,ayoquezco de aldama,16.702066666666667,-96.88649814814816,3
20399,20,oaxaca,santa mara­a atzompa,17.074127222222213,-96.77704240740741,15
20401,20,oaxaca,santa mara­a colotepec,15.860171759259266,-96.92523888888888,6
20402,20,oaxaca,santa mara­a cortijo,16.445166666666665,-98.34376944444443,2
20405,20,oaxaca,villa de chilapa de da­az,17.5285472222222,-97.591325,1
20406,20,oaxaca,santa mara­a chilchotla,18.449877788888884,-96.76870416666668,6
20407,20,oaxaca,santa mara­a chimalapa,16.862506004126985,-94.45022793640211,105
20409,20,oaxaca,santa mara­a del tule,17.06020444444446,-96.67619888888889,5
20410,20,oaxaca,santa mara­a ecatepec,16.205092831481483,-95.90111181203703,12
20412,20,oaxaca,santa mara­a guienagati,16.743932633333348,-95.39226736111112,4
20413,20,oaxaca,santa mara­a huatulco,15.84140606094277,-96.27741287946128,33
20414,20,oaxaca,santa mara­a huazolotitla¡n,16.2435277777778,-97.9681666666667,1
20415,20,oaxaca,santa mara­a ipalapa,16.597457407407415,-97.94864814814814,3
20416,20,oaxaca,santa mara­a ixcatla¡n,17.877658333333336,-97.15634027777776,2
20417,20,oaxaca,santa mara­a jacatepec,17.84206777555554,-96.19872278,5
20418,20,oaxaca,santa mara­a jalapa del marqua©s,16.3753944444444,-95.4330444444444,1
20419,20,oaxaca,santa mara­a jaltianguis,17.3444722222222,-96.5455277777778,1
20420,20,oaxaca,santa mara­a lachixa­o,16.7426555555556,-97.0260361111111,1
20426,20,oaxaca,santa mara­a pea±oles,17.05800357142858,-96.99952936507938,7
20427,20,oaxaca,santa mara­a petapa,16.85641805555555,-95.12786597222222,4
20428,20,oaxaca,santa mara­a quiegolani,16.30629056,-96.06475999333334,5
20430,20,oaxaca,santa mara­a tataltepec,17.135676587301585,-97.39033293650793,7
20431,20,oaxaca,santa mara­a tecomavaca,18.02683611111111,-96.98325833333334,1
20433,20,oaxaca,santa mara­a temaxcaltepec,16.168954166666644,-97.1797314814815,6
20435,20,oaxaca,santa mara­a tepantlali,16.9287805555556,-95.9627472222222,1
20437,20,oaxaca,santa mara­a tlahuitoltepec,16.953834725000014,-96.07230624722223,8
20438,20,oaxaca,santa mara­a tlalixtac,17.8811111,-96.7616667,1
20439,20,oaxaca,santa mara­a tonameca,15.767268137254906,-96.6472001653595,17
20442,20,oaxaca,santa mara­a yalina,17.239297222222223,-96.27187777777777,1
20443,20,oaxaca,santa mara­a yavesa­a,17.1680555555556,-96.4197222222222,1
20446,20,oaxaca,santa mara­a yucuhiti,16.996895833333348,-97.79395835,2
20447,20,oaxaca,santa mara­a zacatepec,16.750734259259257,-97.91801006944445,24
20448,20,oaxaca,santa mara­a zaniza,16.657361111111104,-97.39807685185185,3
20450,20,oaxaca,santiago amoltepec,16.64055903055557,-97.50079236666667,4
20452,20,oaxaca,santiago apa³stol,16.7827888888889,-96.7017416666667,1
20453,20,oaxaca,santiago astata,15.977662217777791,-95.59005555888889,10
20454,20,oaxaca,santiago atitla¡n,17.079698133333327,-95.88868611111114,3
20457,20,oaxaca,santiago camotla¡n,17.45525,-96.2344041666667,2
20458,20,oaxaca,santiago comaltepec,17.56203193333335,-96.53815278888891,2
20460,20,oaxaca,santiago choa¡pam,17.33582084444445,-95.8825014111111,2
20461,20,oaxaca,santiago del ra­o,17.4593611111111,-98.1129444444444,1
20462,20,oaxaca,santiago huajolotitla¡n,17.822408355555552,-97.70846942222222,2
20465,20,oaxaca,santiago ixcuintepec,16.91814860555558,-95.60398263888888,4
20466,20,oaxaca,santiago ixtayutla,16.52980267051283,-97.68309626068375,26
20467,20,oaxaca,santiago jamiltepec,16.25860444444444,-96.79980166666668,5
20468,20,oaxaca,santiago jocotepec,17.69917152777779,-95.97172499999999,4
20469,20,oaxaca,santiago juxtlahuaca,17.194681424183,-97.99602892222222,51
20470,20,oaxaca,santiago lachiguiri,16.766191661904774,-95.54520993174604,7
20471,20,oaxaca,santiago lalopa,17.4144444444444,-96.2280555555556,1
20473,20,oaxaca,santiago laxopa,17.1851055722222,-96.32825000555556,2
20475,20,oaxaca,santiago matatla¡n,16.850845,-96.35721166666666,5
20476,20,oaxaca,santiago miltepec,17.080726851851832,-95.60608148148147,3
20477,20,oaxaca,santiago minas,16.42817708333333,-97.24997291666665,4
20478,20,oaxaca,santiago nacaltepec,17.4467638888889,-96.906175,1
20482,20,oaxaca,santiago pinotepa nacional,16.36130913174603,-98.06905039523811,7
20483,20,oaxaca,santiago suchilquitongo,17.235261109523794,-96.90080436031747,7
20484,20,oaxaca,santiago tamazola,17.668055555555576,-98.2527777777778,2
20485,20,oaxaca,santiago tapextla,16.2835,-98.457,1
20486,20,oaxaca,villa tejaºpam de la unia³n,17.66945,-97.4324777777778,1
20487,20,oaxaca,santiago tenango,17.27783555111112,-96.99244278666667,5
20491,20,oaxaca,santiago textitla¡n,16.6769833333333,-97.2729972222222,1
20492,20,oaxaca,santiago tilantongo,17.173451490598296,-97.33171730256412,13
20494,20,oaxaca,santiago tlazoyaltepec,17.04362777777775,-96.97062916666665,2
20495,20,oaxaca,santiago xanica,15.85630416666665,-96.2186027777778,4
20496,20,oaxaca,santiago xiacua­,17.27357638333335,-96.38716666111111,2
20497,20,oaxaca,santiago yaitepec,16.2023712888889,-97.2475888925926,3
20498,20,oaxaca,santiago yaveo,17.299201411111113,-95.75038470555556,2
20499,20,oaxaca,santiago yoloma©catl,17.475483800000003,-97.57313565,6
20500,20,oaxaca,santiago yosondaºa,16.823522927777773,-97.53203958611113,4
20502,20,oaxaca,santiago zacatepec,17.17747569444443,-95.86883819444444,4
20504,20,oaxaca,nuevo zoquia¡pam,17.23324444444445,-96.647925,4
20505,20,oaxaca,santo domingo ingenio,16.6160888888889,-94.7000305555556,1
20506,20,oaxaca,santo domingo albarradas,17.0670416666667,-96.2006861111111,1
20509,20,oaxaca,santo domingo de morelos,15.8329,-96.61926527777774,2
20511,20,oaxaca,santo domingo nuxaa¡,17.171551844444433,-97.02333703703704,3
20512,20,oaxaca,santo domingo ozolotepec,16.180019444444433,-96.30983222222223,5
20513,20,oaxaca,santo domingo petapa,16.848289680952373,-95.21691666031745,7
20515,20,oaxaca,santo domingo tehuantepec,16.5114305511111,-95.42705610666668,5
20516,20,oaxaca,santo domingo teojomulco,16.6167013888889,-97.23746249999999,2
20517,20,oaxaca,santo domingo tepuxtepec,16.851070000000004,-95.68824445333335,5
20519,20,oaxaca,santo domingo tomaltepec,17.070595833333336,-96.61574861111112,2
20520,20,oaxaca,santo domingo tonala¡,17.6995833333333,-97.97445833333336,2
20522,20,oaxaca,santo domingo xagaca­a,17.137523627777767,-96.28183125833334,4
20523,20,oaxaca,santo domingo yanhuitla¡n,17.485972222222202,-97.38723472222225,2
20525,20,oaxaca,santo domingo zanatepec,16.47623021018519,-94.40510879814815,24
20526,20,oaxaca,santos reyes nopala,16.08725333111112,-97.14068889555556,5
20527,20,oaxaca,santos reyes pa¡palo,17.8124888888889,-96.882225,1
20528,20,oaxaca,santos reyes tepejillo,17.42017222222223,-97.93403796296298,3
20530,20,oaxaca,santo toma¡s jalieza,16.85341150793652,-96.63061031746031,7
20531,20,oaxaca,santo toma¡s mazaltepec,17.11830694444445,-96.9353861111111,2
20533,20,oaxaca,santo toma¡s tamazulapan,16.249446484444434,-96.5710240762963,15
20534,20,oaxaca,san vicente coatla¡n,16.374072222222225,-96.85795039682542,7
20535,20,oaxaca,san vicente lachixa­o,16.6100361,-97.0755889,1
20537,20,oaxaca,silacayoa¡pam,17.455852777777785,-98.17699814814817,3
20538,20,oaxaca,sitio de xitlapehua,16.357008333333297,-96.53347361111115,2
20539,20,oaxaca,soledad etla,17.160587962962968,-97.00657731481483,6
20542,20,oaxaca,taniche,16.5574166666667,-96.7608611111111,1
20543,20,oaxaca,tataltepec de valda©s,16.307606816161616,-97.49628206767679,11
20545,20,oaxaca,teotitla¡n de flores maga³n,18.170972222222222,-97.01986111111111,1
20546,20,oaxaca,teotitla¡n del valle,17.057778968253967,-96.55460516349206,7
20548,20,oaxaca,tepelmeme villa de morelos,17.9982920957265,-97.29117328290599,13
20549,20,oaxaca,heroica villa tezoatla¡n de segura y luna,17.559119094444437,-97.87243610833335,8
20550,20,oaxaca,san jera³nimo tlacochahuaya,17.008123611111113,-96.55485763888889,8
20551,20,oaxaca,tlacolula de matamoros,16.955600793650785,-96.44397142857144,7
20553,20,oaxaca,tlalixtac de cabrera,17.086037222222227,-96.62597074074075,15
20554,20,oaxaca,totontepec villa de morelos,17.223285425,-96.0509180638889,4
20559,20,oaxaca,san juan bautista valle nacional,17.768542926262622,-96.32279393939393,11
20560,20,oaxaca,villa da­az ordaz,17.056688893650783,-96.37749285079364,7
20563,20,oaxaca,yogana,16.430209722222223,-96.80766249999999,4
20564,20,oaxaca,yutanduchi de guerrero,17.0707777777778,-97.2625833333333,1
20565,20,oaxaca,villa de zaachila,16.932740740740766,-96.72767592592594,3
20566,20,oaxaca,san mateo yucutindoo,16.756182224444423,-97.39480166444443,5
20567,20,oaxaca,zapotitla¡n lagunas,17.773314345370363,-98.40147477222223,12
20568,20,oaxaca,zapotitla¡n palmas,17.87271297037036,-97.82986897777778,6
20570,20,oaxaca,zimatla¡n de alvarez,16.81783860555555,-96.96372333500001,20
21001,21,puebla,acajete,19.14741079460318,-97.93915627079366,35
21003,21,puebla,acatla¡n,18.1701388888889,-98.0589166666667,1
21004,21,puebla,acatzingo,19.07058703703706,-97.7560787037037,3
21006,21,puebla,ahuacatla¡n,20.047999297222223,-97.85987152777778,4
21008,21,puebla,ahuazotepec,20.046273197897893,-98.14387364894895,37
21010,21,puebla,ajalpan,18.434467358333332,-97.02447674305557,8
21011,21,puebla,albino zertuche,18.0042944444444,-98.4827527777778,1
21012,21,puebla,aljojuca,19.120753364327477,-97.54398508947368,19
21014,21,puebla,amixtla¡n,20.039251829629634,-97.81583517407405,3
21015,21,puebla,amozoc,19.041839727882603,-98.07514543878408,53
21016,21,puebla,aquixtla,19.77604957094017,-97.93643568461539,13
21017,21,puebla,atempan,19.790807777777765,-97.43421722,15
21018,21,puebla,atexcal,18.420466666666666,-97.64521481481479,3
21019,21,puebla,atlixco,18.94521559863248,-98.52079585487179,65
21023,21,puebla,atzitzintla,18.934670834920638,-97.31656368809523,28
21026,21,puebla,calpan,19.117764021693116,-98.5244617730159,21
21027,21,puebla,caltepec,18.1851388888889,-97.5683888888889,1
21032,21,puebla,cohetzala,18.173749242424265,-98.84744444040406,11
21035,21,puebla,coxcatla¡n,18.28586181666666,-97.11823819444444,4
21036,21,puebla,coyomeapan,18.258596909876537,-96.96000402098767,9
21037,21,puebla,coyotepec,18.402124999999998,-97.77577916666668,4
21039,21,puebla,cuautempan,19.90124473111111,-97.79539166444445,10
21040,21,puebla,cuautincha¡n,18.981767810457512,-98.05674035947713,17
21043,21,puebla,cuetzalan del progreso,20.004579850000002,-97.5121166777778,4
21044,21,puebla,cuyoaco,19.621700960256405,-97.55909385598291,52
21045,21,puebla,chalchicomula de sesma,19.009678436363636,-97.36025722323232,55
21046,21,puebla,chapulco,18.6082338822222,-97.44323222666668,5
21047,21,puebla,chiautla,18.41379166666665,-98.55968055555556,2
21048,21,puebla,chiautzingo,19.178159420289862,-98.5474945652174,23
21049,21,puebla,chiconcuautla,20.101011666666647,-97.98480944444444,5
21050,21,puebla,chichiquila,19.21635648148148,-97.05093888888888,3
21051,21,puebla,chietla,18.489849074074055,-98.62413333333335,3
21053,21,puebla,chignahuapan,19.82642728972222,-98.08482076194444,40
21054,21,puebla,chignautla,19.73893345837479,-97.43456768150912,134
21055,21,puebla,chila,17.957152075000025,-97.87318263611112,4
21057,21,puebla,honey,20.275454852777777,-98.2096513888889,4
21058,21,puebla,chilchotla,19.276383486728395,-97.22040000231482,72
21061,21,puebla,eloxochitla¡n,18.5055111,-96.9870889,1
21063,21,puebla,esperanza,18.845791672222198,-97.3775555777778,2
21064,21,puebla,francisco z. mena,20.6888666666667,-97.7603833333333,1
21065,21,puebla,general felipe angeles,19.06310401481481,-97.654730554321,9
21067,21,puebla,guadalupe victoria,19.296885732323236,-97.34600378787879,22
21069,21,puebla,huaquechula,18.783220833333317,-98.54313749999999,6
21071,21,puebla,huauchinango,20.159264862592593,-98.0534615275926,60
21073,21,puebla,huehuetla¡n el chico,18.3505,-98.77788888888888,1
21074,21,puebla,huejotzingo,19.15653090277779,-98.564690625,8
21075,21,puebla,hueyapan,19.879008337037032,-97.41574305370371,6
21078,21,puebla,huitzilan de serda¡n,19.9252960648148,-97.72780463240741,12
21081,21,puebla,ixcamilpa de guerrero,18.0679833333333,-98.8314638888889,1
21082,21,puebla,ixcaquixtla,18.48755555,-97.81261111388889,4
21083,21,puebla,ixtacamaxtitla¡n,19.58978620200364,-97.81647827923499,61
21085,21,puebla,izaºcar de matamoros,18.597730548148146,-98.44772127407407,3
21087,21,puebla,jolalpan,18.229624447407403,-98.89860481851854,15
21088,21,puebla,jonotla,20.0323611111111,-97.5846722222222,1
21091,21,puebla,juan galindo,20.224582647222224,-98.0007506888889,4
21092,21,puebla,juan n. ma©ndez,18.4923548611111,-97.72268402499999,4
21093,21,puebla,lafragua,19.300316222137408,-97.27434749669212,131
21094,21,puebla,libres,19.491928615325673,-97.71833376417625,116
21096,21,puebla,mazapiltepec de jua¡rez,19.094329861111117,-97.67210069444444,8
21098,21,puebla,molcaxac,18.62895,-97.8630222222222,1
21099,21,puebla,caa±ada morelos,18.71601027777778,-97.44916750000002,10
21100,21,puebla,naupan,20.20972056222224,-98.12537389333336,5
21102,21,puebla,nealtican,19.066529012345665,-98.45979290123456,9
21103,21,puebla,nicola¡s bravo,18.623773897777777,-97.33868444444443,10
21104,21,puebla,nopalucan,19.147174603174598,-97.90165198412703,7
21105,21,puebla,ocotepec,19.533007911111106,-97.70862638461539,26
21106,21,puebla,ocoyucan,18.932860072222216,-98.32002986111112,8
21108,21,puebla,oriental,19.381087856072348,-97.64418475374679,43
21109,21,puebla,pahuatla¡n,20.27355555092593,-98.15355879166667,12
21110,21,puebla,palmar de bravo,18.81770138888888,-97.51554861111113,10
21114,21,puebla,puebla,19.12748315475556,-98.07321051084445,125
21115,21,puebla,quecholac,18.974159722222225,-97.58799305555553,4
21116,21,puebla,quimixtla¡n,19.2631496925926,-97.11930601851853,18
21120,21,puebla,san antonio caa±ada,18.5442777777778,-97.2663333333333,1
21121,21,puebla,san diego la mesa tochimiltzingo,18.80954166666665,-98.32444444444445,2
21122,21,puebla,san felipe teotlalcingo,19.22077388888889,-98.55788518518519,15
21123,21,puebla,san felipe tepatla¡n,20.089205555555555,-97.77226666666667,1
21128,21,puebla,san josa© chiapa,19.263861111111098,-97.70481666666669,2
21129,21,puebla,san josa© miahuatla¡n,18.232330555555553,-97.37239722222222,1
21130,21,puebla,san juan atenco,19.075675,-97.57587592592593,3
21132,21,puebla,san marta­n texmelucan,19.2381027777778,-98.4718333333333,1
21135,21,puebla,san miguel ixitla¡n,18.0075277777778,-97.7008611111111,1
21137,21,puebla,san nicola¡s buenos aires,19.264086762091512,-97.47355212549022,17
21138,21,puebla,san nicola¡s de los ranchos,19.06624346883738,-98.54632818245034,302
21139,21,puebla,san pablo anicano,18.1132222222222,-98.1866388888889,1
21140,21,puebla,san pedro cholula,19.074210399483203,-98.3466584627907,43
21142,21,puebla,san salvador el seco,19.123650768390807,-97.60015335172415,58
21143,21,puebla,san salvador el verde,19.229428681388892,-98.60926722333333,40
21145,21,puebla,san sebastia¡n tlacotepec,18.37286501333334,-96.82981888222223,5
21147,21,puebla,santa ina©s ahuatempan,18.45669376944445,-98.0163576138889,4
21149,21,puebla,santiago miahuatla¡n,18.577203177777783,-97.43075713809523,7
21150,21,puebla,huehuetla¡n el grande,18.821015286111106,-98.18705416666666,4
21151,21,puebla,santo toma¡s hueyotlipan,18.87815833333335,-97.874075,2
21152,21,puebla,soltepec,19.103439195679016,-97.72798317901236,18
21153,21,puebla,tecali de herrera,18.917897222222223,-97.99583333333334,1
21154,21,puebla,tecamachalco,18.875819444444428,-97.7047765873016,7
21156,21,puebla,tehuaca¡n,18.503525878362577,-97.40494531929824,19
21159,21,puebla,teopantla¡n,18.80089008412698,-98.25034841746033,7
21161,21,puebla,tepanco de la³pez,18.604229513888875,-97.52156423611112,8
21162,21,puebla,tepango de rodra­guez,20.013497207407408,-97.76842594074076,3
21163,21,puebla,tepatlaxco de hidalgo,19.1680603292328,-98.00543538381835,252
21164,21,puebla,tepeaca,19.07107376543209,-97.886512654321,9
21167,21,puebla,tepetzintla,19.953404618518515,-97.85047870740742,3
21168,21,puebla,tepexco,18.628277777777782,-98.61125,2
21169,21,puebla,tepexi de rodra­guez,18.414675,-97.89595833333334,2
21170,21,puebla,tepeyahualco,19.543715510185187,-97.47849776219137,72
21171,21,puebla,tepeyahualco de cuauhta©moc,18.806505555555557,-97.86967777777777,1
21172,21,puebla,tetela de ocampo,19.809391446,-97.80559294555556,50
21174,21,puebla,teziutla¡n,19.863689934027775,-97.35618037916666,16
21175,21,puebla,tianguismanalco,19.012524333463286,-98.48506288141651,171
21176,21,puebla,tilapa,18.627025,-98.57733333333333,1
21177,21,puebla,tlacotepec de benito jua¡rez,18.670568333333318,-97.65277833333332,5
21179,21,puebla,tlachichuca,19.095417288834156,-97.31832198984675,406
21180,21,puebla,tlahuapan,19.328382664988663,-98.6187634810431,245
21183,21,puebla,tlaola,20.155153351111117,-97.93529334222222,5
21186,21,puebla,tlatlauquitepec,19.784489316025642,-97.51125881602563,52
21188,21,puebla,tochimilco,18.93306086444445,-98.59922395037037,45
21189,21,puebla,tochtepec,18.832916666666698,-97.8487361111111,2
21191,21,puebla,tulcingo,17.955947222222214,-98.37748809523809,7
21193,21,puebla,tzicatlacoyan,18.85068453015873,-98.07115714920636,7
21195,21,puebla,vicente guerrero,18.543989195061727,-97.19511882345681,9
21197,21,puebla,xicotepec,20.2652222222222,-97.9787777777778,1
21199,21,puebla,xiutetelco,19.740715017890775,-97.36123620734465,59
21200,21,puebla,xochiapulco,19.862954445185185,-97.64463537111111,15
21202,21,puebla,xochitla¡n de vicente sua¡rez,19.918086409876544,-97.67932160864198,9
21203,21,puebla,xochitla¡n todos santos,18.72293541666666,-97.76663958333333,4
21204,21,puebla,yaona¡huac,19.9069763888889,-97.45855277777777,2
21205,21,puebla,yehualtepec,18.7564388888889,-97.6193972222222,1
21207,21,puebla,zacapoaxtla,19.837616207870376,-97.59449224907407,24
21208,21,puebla,zacatla¡n,19.97221239733333,-98.01973058546032,175
21210,21,puebla,zapotitla¡n de ma©ndez,20.0126666666667,-97.7329416666667,1
21211,21,puebla,zaragoza,19.739887501851836,-97.56723888333333,6
21212,21,puebla,zautla,19.72618435821256,-97.66917771642511,46
21214,21,puebla,zinacatepec,18.328552794444445,-97.19620138888888,2
21215,21,puebla,zongozotla,19.986347835802476,-97.78022099135802,9
21216,21,puebla,zoquiapan,20.0044722222222,-97.6083333333333,1
21217,21,puebla,zoquitla¡n,18.3607287074074,-96.98892221851854,3
22001,22,quera©taro,amealco de bonfil,20.14225028774155,-100.06179727022946,184
22002,22,quera©taro,pinal de amoles,21.152480809427605,-99.57410723905724,33
22003,22,quera©taro,arroyo seco,21.383514957264953,-99.60389145299145,13
22004,22,quera©taro,cadereyta de montes,20.84033010933333,-99.60307089022223,25
22005,22,quera©taro,cola³n,20.773009920634916,-100.10725952380963,7
22006,22,quera©taro,corregidora,20.533710470085484,-100.4029732905983,26
22007,22,quera©taro,ezequiel montes,20.573794444444445,-99.76611111111112,1
22008,22,quera©taro,huimilpan,20.424587455197123,-100.32119838709687,31
22009,22,quera©taro,jalpan de serra,21.4260804195122,-99.27521314281843,41
22010,22,quera©taro,landa de matamoros,21.26491239069069,-99.14150780900901,37
22011,22,quera©taro,el marqua©s,20.659457021913582,-100.21514705864202,36
22012,22,quera©taro,pedro escobedo,20.4229923611111,-100.220445138889,4
22013,22,quera©taro,pinal de amoles,21.171835802469133,-99.5952274691358,9
22014,22,quera©taro,quera©taro,20.705924526713954,-100.41836278250594,47
22015,22,quera©taro,san joaqua­n,20.957540874603172,-99.5536488126984,7
22016,22,quera©taro,san juan del ra­o,20.367373518518516,-100.09362592592589,15
22017,22,quera©taro,tequisquiapan,20.5079402777778,-99.9754916666667,2
22018,22,quera©taro,tolima¡n,20.92775,-99.92372222222222,1
23002,23,quintana roo,felipe carrillo puerto,19.58157852249322,-87.94778475718158,41
23003,23,quintana roo,isla mujeres,21.28896502745098,-87.0735651986928,17
23004,23,quintana roo,otha³n p. blanco,18.62658057897153,-88.2465771345271,121
23005,23,quintana roo,benito jua¡rez,21.06727850478633,-87.01675316136752,65
23006,23,quintana roo,josa© mara­a morelos,19.46865881980677,-88.85503405507247,23
23007,23,quintana roo,la¡zaro ca¡rdenas,21.14457696436782,-87.30483242279693,58
23008,23,quintana roo,solidaridad,20.58244190748792,-87.31784728140097,46
23009,23,quintana roo,tulum,20.214991472351418,-87.53727332015505,43
23010,23,quintana roo,bacalar,18.970358503076927,-88.65526750094018,130
23011,23,quintana roo,puerto morelos,20.971768305982902,-87.1151678766382,39
24001,24,san luis potosa­,ahualulco del sonido 13,22.38644551623931,-101.26096796581206,13
24002,24,san luis potosa­,alaquines,22.09320092592591,-99.5314388888889,3
24003,24,san luis potosa­,aquisma³n,21.827719996666666,-99.15580610777779,10
24004,24,san luis potosa­,armadillo de los infante,22.225218888888897,-100.69855166666669,5
24006,24,san luis potosa­,catorce,23.572941111111128,-100.92182166666673,5
24007,24,san luis potosa­,cedral,23.8807388888889,-100.70135972222249,2
24008,24,san luis potosa­,cerritos,22.370794444444456,-100.4175481481481,3
24010,24,san luis potosa­,ciudad del maa­z,22.428062251001823,-99.55096083825137,61
24011,24,san luis potosa­,ciudad ferna¡ndez,22.016704861111116,-100.20867256944447,8
24013,24,san luis potosa­,ciudad valles,22.147334093918126,-99.09994344982455,95
24015,24,san luis potosa­,charcas,23.20666472222222,-101.0934116666667,10
24016,24,san luis potosa­,ebano,22.1460277777778,-98.51675,1
24017,24,san luis potosa­,guadalca¡zar,22.978335090058476,-100.31551111695906,19
24019,24,san luis potosa­,lagunillas,21.657589351851854,-99.58140138888889,6
24020,24,san luis potosa­,matehuala,23.577334307777775,-100.56389737777769,20
24021,24,san luis potosa­,mexquitic de carmona,22.283185112847214,-101.0882641961806,64
24022,24,san luis potosa­,moctezuma,22.680318055555574,-101.09775277777771,2
24023,24,san luis potosa­,raya³n,21.836605784259277,-99.52836736388889,12
24024,24,san luis potosa­,rioverde,21.867147392517,-100.09766285442176,49
24027,24,san luis potosa­,san ciro de acosta,21.56706110666666,-99.86208889333334,5
24028,24,san luis potosa­,san luis potosa­,22.09550508157182,-100.92021746883471,41
24030,24,san luis potosa­,san nicola¡s tolentino,22.181792592592586,-100.44922592592583,6
24031,24,san luis potosa­,santa catarina,21.608473409523814,-99.44229285555556,7
24032,24,san luis potosa­,santa mara­a del ra­o,21.80868610944445,-100.59070792222221,20
24033,24,san luis potosa­,santo domingo,23.6794444444445,-101.477027777778,1
24034,24,san luis potosa­,san vicente tancuayalab,21.8116666666667,-98.4872777777778,1
24035,24,san luis potosa­,soledad de graciano sa¡nchez,22.248669907407415,-100.82092592592579,6
24036,24,san luis potosa­,tamasopo,21.937860300462958,-99.34380144398149,48
24040,24,san luis potosa­,tamua­n,22.037659722222227,-98.88821250000002,8
24043,24,san luis potosa­,tierra nueva,21.64414666666668,-100.41954388888891,5
24044,24,san luis potosa­,vanegas,24.030774059259254,-100.92263248148159,3
24045,24,san luis potosa­,venado,22.894073148148163,-100.93500092592592,3
24046,24,san luis potosa­,villa de arriaga,21.866338888888897,-101.249002777778,2
24047,24,san luis potosa­,villa de guadalupe,23.32546806666665,-100.708403361111,4
24048,24,san luis potosa­,villa de la paz,23.6853888888889,-100.731444444444,1
24049,24,san luis potosa­,villa de ramos,22.849722222222223,-101.97611111111111,1
24050,24,san luis potosa­,villa de reyes,21.87899532163744,-100.9314771929824,19
24051,24,san luis potosa­,villa hidalgo,22.72120208333333,-100.68748020833334,8
24052,24,san luis potosa­,villa jua¡rez,22.2383124972222,-100.24236188888901,4
24054,24,san luis potosa­,xilitla,21.36412361111112,-99.04164444444444,4
24055,24,san luis potosa­,zaragoza,22.071092063492063,-100.7171926587301,14
24056,24,san luis potosa­,villa de arista,22.587055555555565,-100.80887037037034,3
24058,24,san luis potosa­,el naranjo,22.533153843745627,-99.37873556974144,159
25003,25,sinaloa,badiraguato,25.81886830040404,-107.5378031186869,110
25004,25,sinaloa,concordia,23.488617807650275,-105.86880609107469,61
25005,25,sinaloa,cosala¡,24.460363093750004,-106.71311917361112,16
25006,25,sinaloa,culiaca¡n,24.950147724242427,-107.11967934343437,11
25007,25,sinaloa,choix,26.723901640598296,-108.20677356125358,78
25008,25,sinaloa,elota,24.1672056,-106.788681,1
25009,25,sinaloa,escuinapa,22.78454722500001,-105.61407219444433,4
25010,25,sinaloa,el fuerte,26.410839814814796,-108.43502237037033,3
25012,25,sinaloa,mazatla¡n,23.61859138333333,-106.30740280000002,10
25013,25,sinaloa,mocorito,25.6614639,-107.636431722222,2
25014,25,sinaloa,rosario,23.04786389605735,-105.59737418279569,31
25016,25,sinaloa,san ignacio,24.040012652777776,-106.30292826234562,36
25017,25,sinaloa,sinaloa,25.943844659444444,-107.75417179166664,40
25018,25,sinaloa,navolato,24.718708333333332,-108.00095,1
25056,25,sinaloa,rosario,23.0571694444444,-105.505088888889,1
26001,26,sonora,aconchi,29.81438333333335,-110.3790875,2
26002,26,sonora,agua prieta,31.26385408856209,-109.02471332352941,34
26003,26,sonora,alamos,27.128842383270914,-108.89773193632956,89
26005,26,sonora,arivechi,30.0466777777778,-108.929197222222,1
26006,26,sonora,arizpe,30.309769444444438,-110.09588156565647,11
26008,26,sonora,bacada©huachi,29.79758944444444,-109.0802666666666,5
26009,26,sonora,bacanora,28.908121527777773,-109.4106791666665,4
26010,26,sonora,bacerac,30.32410462962962,-108.81826296296298,6
26011,26,sonora,bacoachi,30.631568983333334,-109.85230929629633,6
26014,26,sonora,bavia¡cora,29.34335,-110.001922222222,1
26015,26,sonora,bavispe,30.736060416666675,-108.984011111111,4
26016,26,sonora,benjama­n hill,30.19316898148148,-111.09838425925916,6
26018,26,sonora,cajeme,28.072208333333325,-109.83806874999999,4
26019,26,sonora,cananea,30.75614786410256,-110.13084019658123,13
26020,26,sonora,carba³,29.70309777777778,-111.0673594555557,10
26022,26,sonora,cucurpe,30.391361111111124,-110.3267506944445,4
26023,26,sonora,cumpas,30.2339444444444,-109.661213888889,1
26027,26,sonora,fronteras,30.689357175925924,-109.7026384259259,12
26028,26,sonora,granados,29.8604,-109.3892,1
26029,26,sonora,guaymas,28.185440744444435,-110.77042522222234,3
26030,26,sonora,hermosillo,29.158518449999995,-110.82730457142864,14
26031,26,sonora,huachinera,29.868079444444458,-109.0059088888888,5
26032,26,sonora,hua¡sabas,29.984195370370376,-109.54039166666662,3
26034,26,sonora,hua©pac,29.93638194444445,-110.24752083333351,2
26035,26,sonora,imuris,30.87367455444444,-110.7401384933333,50
26036,26,sonora,magdalena,30.786299305555552,-110.947202777778,4
26037,26,sonora,mazata¡n,29.01431805555555,-110.277318055556,2
26038,26,sonora,moctezuma,29.75904611111112,-109.67097777777799,5
26039,26,sonora,naco,31.273362051851866,-110.03532299999999,3
26040,26,sonora,na¡cori chico,29.687649006746025,-108.82034040873022,28
26041,26,sonora,nacozari de garca­a,30.487741666666665,-109.54451699346411,17
26042,26,sonora,navojoa,26.97233055555555,-109.2280472222225,2
26043,26,sonora,nogales,31.214773362393164,-111.02810841595449,39
26044,26,sonora,anavas,28.4704583333333,-109.578452777778,1
26045,26,sonora,opodepe,29.98917832888889,-110.87417247777769,10
26049,26,sonora,quiriego,27.602849302083328,-109.36209204166668,16
26050,26,sonora,raya³n,29.8427638888889,-110.43208333333351,2
26051,26,sonora,rosario,28.1575888888889,-109.41623784722213,8
26052,26,sonora,sahuaripa,28.802531111111108,-108.88713527777767,20
26054,26,sonora,san javier,28.6795236111111,-109.7398472222225,2
26055,26,sonora,san luis ra­o colorado,31.99009305555555,-114.9111666666665,2
26056,26,sonora,san miguel de horcasitas,29.3378944444445,-110.979252777778,1
26058,26,sonora,santa ana,30.4961601851852,-111.11096666666667,3
26059,26,sonora,santa cruz,31.2417453703704,-110.59901759259266,3
26060,26,sonora,sa¡ric,31.43519055555556,-111.43011055555539,5
26061,26,sonora,soyopa,28.84117277777778,-109.69701444444429,5
26062,26,sonora,suaqui grande,28.3892166666667,-110.054338888889,1
26064,26,sonora,trincheras,30.207986662222243,-111.6909549555556,5
26065,26,sonora,tubutama,30.899639814814794,-111.40592592592584,6
26066,26,sonora,ures,29.4141962962963,-110.26823148148134,3
26067,26,sonora,villa hidalgo,30.24934444444445,-109.40601388888899,2
26068,26,sonora,villa pesqueira,29.24777611111112,-109.9118452777778,10
26069,26,sonora,ya©cora,28.393645983533176,-108.93537061790565,139
27001,27,tabasco,balanca¡n,17.897073611111125,-91.4405659722222,4
27003,27,tabasco,centla,18.3588244863102,-92.61017467205157,293
27004,27,tabasco,centro,18.212413103794038,-92.90037369430894,41
27008,27,tabasco,huimanguillo,17.635888523703706,-93.52578388814814,15
27009,27,tabasco,jalapa,17.708680555555556,-92.72983055555555,1
27010,27,tabasco,jalpa de ma©ndez,18.3486796314815,-93.03942360740741,12
27011,27,tabasco,jonuta,18.318103296527777,-92.25480503402778,16
27012,27,tabasco,macuspana,17.933462570175426,-92.48600424093567,19
27013,27,tabasco,nacajuca,18.284971388333332,-93.57372624944445,20
27014,27,tabasco,paraa­so,18.406602777777778,-93.03593055555555,1
27015,27,tabasco,tacotalpa,17.51576320833335,-92.66504374722223,4
27016,27,tabasco,teapa,17.5158472222222,-92.90122777777779,2
27017,27,tabasco,tenosique,17.313539710353528,-91.32236363434343,44
28002,28,tamaulipas,aldama,23.12481277777779,-98.19068055555556,5
28003,28,tamaulipas,altamira,22.3424472,-97.9360444,1
28004,28,tamaulipas,antiguo morelos,22.50001481481482,-99.08933611111114,6
28006,28,tamaulipas,bustamante,23.363918745138893,-99.83935467777783,16
28008,28,tamaulipas,casas,23.236066577160482,-98.37733190123457,18
28011,28,tamaulipas,ga³mez fara­as,23.07038054444445,-99.21611458611113,4
28012,28,tamaulipas,gonza¡lez,22.907804155555556,-98.52075277222222,2
28013,28,tamaulipas,ga¼a©mez,23.937227086111115,-99.30725833611112,4
28016,28,tamaulipas,hidalgo,24.014691660317457,-99.47115635238096,7
28017,28,tamaulipas,jaumave,23.465035342190166,-99.41631164551282,52
28019,28,tamaulipas,llera,23.206485972222225,-98.96339236111112,4
28020,28,tamaulipas,mainero,24.5393889,-99.7286111,1
28021,28,tamaulipas,el mante,22.7554417,-99.09875,1
28026,28,tamaulipas,miquihuana,23.72234607164751,-99.76789828793105,29
28028,28,tamaulipas,nuevo morelos,22.48577881388889,-99.21799895694444,8
28029,28,tamaulipas,ocampo,22.832732776666667,-99.37672417555555,10
28031,28,tamaulipas,palmillas,23.311007868518516,-99.57801249629627,6
28034,28,tamaulipas,san carlos,24.573246759259263,-99.01572268518521,6
28037,28,tamaulipas,soto la marina,23.444523578703713,-98.15285400925927,6
28038,28,tamaulipas,tampico,22.2522138888889,-97.8889472222222,1
28039,28,tamaulipas,tula,22.94684689738563,-99.71986013398693,34
28041,28,tamaulipas,victoria,23.69791059696969,-99.22321843131316,11
29001,29,tlaxcala,amaxac de guerrero,19.371499999999997,-98.2043055555556,2
29002,29,tlaxcala,apetatitla¡n de antonio carvajal,19.36,-98.1887777777778,1
29003,29,tlaxcala,atlangatepec,19.55792167333334,-98.17698222000003,5
29004,29,tlaxcala,atltzayanca,19.437990080952375,-97.80822440396825,28
29006,29,tlaxcala,calpulalpan,19.529081780982906,-98.6101800741453,52
29007,29,tlaxcala,el carmen tequexquitla,19.346083080808082,-97.66261717171719,22
29008,29,tlaxcala,cuapiaxtla,19.361458333333303,-97.7223888888889,2
29009,29,tlaxcala,cuaxomulco,19.338794437037052,-98.07970417222221,6
29010,29,tlaxcala,chiautempan,19.27677475064355,-98.10397211032308,423
29012,29,tlaxcala,espaa±ita,19.456123101626016,-98.4346572487805,41
29013,29,tlaxcala,huamantla,19.280748376261126,-97.98199516112761,337
29014,29,tlaxcala,hueyotlipan,19.459205971666673,-98.34736778166668,20
29015,29,tlaxcala,ixtacuixtla de mariano matamoros,19.359613727536228,-98.38200475120773,69
29016,29,tlaxcala,ixtenco,19.24183911944444,-97.96481003179014,36
29017,29,tlaxcala,mazatecochco de josa© mara­a morelos,19.20372054064328,-98.13930628596492,76
29018,29,tlaxcala,contla de juan cuamatzi,19.291209979561046,-98.08621687256516,81
29020,29,tlaxcala,sancta³rum de la¡zaro ca¡rdenas,19.494916240170944,-98.4691874991453,26
29021,29,tlaxcala,nanacamilpa de mariano arista,19.490324629444448,-98.43685027740743,60
29022,29,tlaxcala,acuamanala de miguel hidalgo,19.21694740338164,-98.14116896135265,46
29023,29,tlaxcala,nata­vitas,19.245189722222218,-98.34197111111112,10
29024,29,tlaxcala,panotla,19.350002488304096,-98.28267236959066,19
29025,29,tlaxcala,san pablo del monte,19.197400002168028,-98.12729193712738,41
29026,29,tlaxcala,santa cruz tlaxcala,19.339299382716046,-98.12099691358026,9
29027,29,tlaxcala,tenancingo,19.1625861111111,-98.1656611111111,1
29028,29,tlaxcala,teolocholco,19.224293146530805,-98.11146094177583,229
29030,29,tlaxcala,terrenate,19.493494365714287,-97.91420158761906,35
29031,29,tlaxcala,tetla de la solidaridad,19.479416905238097,-98.08763877095238,70
29032,29,tlaxcala,tetlatlahuca,19.2515555555556,-98.1118333333333,1
29033,29,tlaxcala,tlaxcala,19.33463564444445,-98.2310796351852,6
29034,29,tlaxcala,tlaxco,19.638130734946238,-98.16079948503585,124
29035,29,tlaxcala,tocatla¡n,19.394017857142842,-98.00895753968254,7
29036,29,tlaxcala,totolac,19.344143056790127,-98.25473302407408,18
29037,29,tlaxcala,ziltlalta©pec de trinidad sa¡nchez santos,19.222046013769273,-97.9624373601276,209
29038,29,tlaxcala,tzompantepec,19.354653030303037,-98.06229368686868,11
29040,29,tlaxcala,xaltocan,19.426931882608695,-98.25578949227054,23
29041,29,tlaxcala,papalotla de xicohta©ncatl,19.2099305555556,-98.1461111111111,2
29043,29,tlaxcala,yauhquemehcan,19.395630555555574,-98.18115694444445,4
29046,29,tlaxcala,emiliano zapata,19.556114508641976,-97.90646002901236,18
29047,29,tlaxcala,la¡zaro ca¡rdenas,19.509607407407415,-98.15138055555553,3
29050,29,tlaxcala,san francisco tetlanohcan,19.2589113280226,-98.08263310640302,295
29052,29,tlaxcala,san josa© teacalco,19.31406070261438,-98.04593194444445,34
29055,29,tlaxcala,san lucas tecopilco,19.484915625,-98.26178229166669,8
30001,30,veracruz,acajete,19.570922386928107,-97.0578013885621,34
30003,30,veracruz,acayucan,18.048769444444446,-95.12759999999999,1
30004,30,veracruz,actopan,19.5531111111111,-96.55514814814818,3
30006,30,veracruz,acultzingo,18.727925925925927,-97.25731399176955,27
30008,30,veracruz,alpatla¡huac,19.090648159259267,-97.16696294814813,3
30009,30,veracruz,alto lucero de gutia©rrez barrios,19.749244668518518,-96.4590594925926,12
30010,30,veracruz,altotonga,19.726548210317464,-97.20291528333335,14
30014,30,veracruz,amatla¡n de los reyes,18.81552222222225,-96.8935972222222,2
30017,30,veracruz,apazapan,19.33218333333334,-96.70417777555556,5
30018,30,veracruz,aquila,18.796265277777767,-97.29156296296297,6
30019,30,veracruz,astacinga,18.560735648148164,-97.08172222222224,6
30020,30,veracruz,atlahuilco,18.679398014285717,-97.10443491904763,7
30021,30,veracruz,atoyac,18.873527777777753,-96.76600000000005,2
30022,30,veracruz,atzacan,18.91223333333333,-97.09906111111113,5
30023,30,veracruz,atzalan,19.828419444444457,-97.21876150793652,7
30025,30,veracruz,ayahualulco,19.409597471444446,-97.20122350011111,100
30029,30,veracruz,calcahualco,19.10297449012346,-97.21138981687244,27
30030,30,veracruz,camerino z. mendoza,18.78327684444444,-97.15532545555557,6
30032,30,veracruz,catemaco,18.42292006172839,-94.99977623456792,9
30036,30,veracruz,coacoatzintla,19.5457098765432,-96.942937345679,9
30038,30,veracruz,coatepec,19.437700004761915,-96.91701826031748,7
30042,30,veracruz,colipa,19.9274166666667,-96.70275,1
30044,30,veracruz,ca³rdoba,18.979444444444464,-96.9665,3
30047,30,veracruz,coscomatepec,19.03509722222224,-97.15670726495728,13
30048,30,veracruz,cosoleacaque,18.071379629629632,-94.49936666666667,3
30053,30,veracruz,cuitla¡huac,18.843055555555555,-96.72194444444445,1
30057,30,veracruz,chiconquiaco,19.75453703333333,-96.77046294814818,3
30061,30,veracruz,las choapas,17.655962500000005,-93.98337592592594,6
30063,30,veracruz,chontla,21.26198888888889,-97.93458055555556,1
30065,30,veracruz,emiliano zapata,19.424305555555577,-96.77110972222225,4
30069,30,veracruz,gutia©rrez zamora,20.5105277777778,-97.0793333333333,1
30070,30,veracruz,hidalgotitla¡n,17.3505555555556,-94.6552777777778,1
30072,30,veracruz,huayacocotla,20.512837983862436,-98.47225985476192,126
30073,30,veracruz,hueyapan de ocampo,18.109761111111098,-95.17253055555557,3
30074,30,veracruz,huiloapan de cuauhta©moc,18.81784026944444,-97.14763889722224,4
30076,30,veracruz,ilamatla¡n,20.71983162905984,-98.49071132307694,13
30079,30,veracruz,ixhuaca¡n de los reyes,19.398707521568635,-97.14273741699347,17
30080,30,veracruz,ixhuatla¡n del cafa©,19.0838333333333,-96.9905555555556,1
30081,30,veracruz,ixhuatlancillo,18.8818944388889,-97.16735696666669,2
30083,30,veracruz,ixhuatla¡n de madero,20.685,-98.00777777777778,1
30085,30,veracruz,ixtaczoquitla¡n,18.848144862777772,-97.02216416444445,20
30086,30,veracruz,jalacingo,19.6941443340136,-97.3196606585034,49
30092,30,veracruz,xico,19.482058648148154,-97.11302777654322,9
30093,30,veracruz,jilotepec,19.619618335555543,-96.89800500444444,5
30095,30,veracruz,juchique de ferrer,19.8513055555556,-96.6853611111111,1
30098,30,veracruz,magdalena,18.7631875,-97.04891666666664,4
30099,30,veracruz,maltrata,18.82467668498084,-97.26035756689656,145
30101,30,veracruz,mariano escobedo,18.923952777777778,-97.11260277777777,1
30104,30,veracruz,mecayapan,18.245073530283225,-94.82404800305011,152
30107,30,veracruz,las minas,19.69554359145298,-97.15286357051284,26
30108,30,veracruz,minatitla¡n,17.724062037037047,-94.33109907407406,3
30109,30,veracruz,misantla,19.788470833333335,-96.86429861111111,2
30110,30,veracruz,mixtla de altamirano,18.59566666222224,-96.98224443777778,5
30115,30,veracruz,nogales,18.813460952380954,-97.19501476158732,35
30118,30,veracruz,orizaba,18.8601388888889,-97.1450277777778,1
30122,30,veracruz,pajapan,18.2794444,-94.7272222,1
30124,30,veracruz,papantla,20.3975,-97.3008333333333,1
30127,30,veracruz,la perla,19.008563813888898,-97.18749868703705,36
30128,30,veracruz,perote,19.540402216215224,-97.2185006035563,603
30132,30,veracruz,las vigas de rama­rez,19.614251259548617,-97.1131205296007,128
30134,30,veracruz,puente nacional,19.3034722222222,-96.5761944444444,1
30135,30,veracruz,rafael delgado,18.80575555444445,-97.08307500222222,10
30138,30,veracruz,ra­o blanco,18.844827771111103,-97.15156110222225,5
30140,30,veracruz,san andra©s tenejapan,18.77842360925926,-97.08084721944446,12
30142,30,veracruz,san juan evangelista,17.886869444444443,-95.0929,1
30147,30,veracruz,soledad atzompa,18.743717690058485,-97.19375774853803,19
30149,30,veracruz,soteapan,18.231768202222224,-94.86339320052909,105
30152,30,veracruz,tampico alto,22.02088888888888,-97.87894444444444,5
30156,30,veracruz,tatatila,19.685593207407408,-97.10145648333335,18
30158,30,veracruz,tecolutla,20.3058055555556,-96.9109444444445,1
30159,30,veracruz,tehuipango,18.5266666666667,-97.0302777777778,1
30166,30,veracruz,tepetla¡n,19.68375138888888,-96.79825555555553,2
30168,30,veracruz,tequila,18.733764952991454,-97.05710897008545,13
30170,30,veracruz,texcatepec,20.605775350000002,-98.328829175,8
30171,30,veracruz,texhuaca¡n,18.624125,-97.0566388888889,2
30173,30,veracruz,tezonapa,18.6091667,-96.6741667,1
30177,30,veracruz,tlacolulan,19.678113694636,-97.0027863045977,29
30180,30,veracruz,tlachichilco,20.5100555555556,-98.2489166666667,1
30184,30,veracruz,tlaquilpa,18.61422388888888,-97.08097611111113,10
30185,30,veracruz,tlilapan,18.789480559722225,-97.07503610972223,8
30187,30,veracruz,tonaya¡n,19.6888888888889,-96.925,1
30192,30,veracruz,vega de alatorre,19.911944444444433,-96.61277777777777,3
30193,30,veracruz,veracruz,19.173962962962932,-96.52780555555557,3
30194,30,veracruz,villa aldama,19.646682905697997,-97.18811353190884,38
30195,30,veracruz,xoxocotla,18.652018529629633,-97.17212961851853,3
30196,30,veracruz,yanga,18.780816666666666,-96.81025555555556,1
30197,30,veracruz,yecuatla,19.8052777777778,-96.7588888888889,1
30198,30,veracruz,zacualpan,20.47773131649831,-98.35669015185185,33
30201,30,veracruz,zongolica,18.6606574074074,-96.94215740740744,3
30202,30,veracruz,zontecomatla¡n de la³pez y fuentes,20.741203703703665,-98.30902777777779,3
30209,30,veracruz,tatahuicapan de jua¡rez,18.279115890740755,-94.78092870555555,18
30210,30,veracruz,uxpanapa,17.303714110185187,-94.36553471851852,12
31001,31,yucata¡n,abala¡,20.794745987654323,-89.58872500000001,9
31002,31,yucata¡n,acanceh,20.8594444444444,-89.5030555555556,1
31007,31,yucata¡n,cacalcha©n,20.964986111111102,-89.3517777777778,2
31008,31,yucata¡n,calotmul,20.99704166666665,-88.13220833333335,2
31011,31,yucata¡n,celestaºn,20.846378423931622,-90.2446502119658,13
31013,31,yucata¡n,conkal,21.06805972222225,-89.48353055555555,2
31019,31,yucata¡n,chemax,20.71449449171374,-87.8594080495292,59
31023,31,yucata¡n,chochola¡,20.7692962962963,-89.8046601851852,3
31026,31,yucata¡n,dzemul,21.221325,-89.3195972222222,2
31027,31,yucata¡n,dzidzantaºn,21.355194444444447,-89.01985277777777,1
31028,31,yucata¡n,dzilam de bravo,21.496211104761915,-88.56471587936508,7
31033,31,yucata¡n,halacha³,20.591102772222218,-90.2684740777778,6
31038,31,yucata¡n,hunucma¡,21.084041416161618,-89.96211464545455,11
31039,31,yucata¡n,ixil,21.301274305555552,-89.4626861111111,4
31040,31,yucata¡n,izamal,20.930409722222226,-89.02987499999999,12
31044,31,yucata¡n,kinchil,20.8725462962963,-90.16349537037037,3
31048,31,yucata¡n,maxcanaº,20.59874351851852,-90.07677129629633,6
31050,31,yucata¡n,ma©rida,20.96067315555557,-89.6112361185185,6
31051,31,yucata¡n,mococha¡,21.10768055555555,-89.45425,2
31052,31,yucata¡n,motul,21.111103009259256,-89.28403703703704,24
31053,31,yucata¡n,muna,20.356769444444467,-89.83209074074075,3
31054,31,yucata¡n,muxupip,21.1129194444444,-89.3405805555556,1
31056,31,yucata¡n,oxkutzcab,20.22033471944445,-89.44894322916667,16
31059,31,yucata¡n,progreso,21.241040277777785,-89.65068935185188,6
31061,31,yucata¡n,ra­o lagartos,21.5908222222222,-88.0427083333333,2
31062,31,yucata¡n,sacalum,20.595159722222224,-89.70515972222222,4
31065,31,yucata¡n,san felipe,21.5362583333333,-88.44713055555555,2
31066,31,yucata¡n,santa elena,20.24395277777778,-89.75238472222222,2
31067,31,yucata¡n,seya©,20.9241944444444,-89.4131944444444,1
31074,31,yucata¡n,tahmek,21.0110833333333,-89.3273888888889,1
31079,31,yucata¡n,tekax,20.025624823167846,-89.28876654810875,94
31080,31,yucata¡n,tekit,20.590351982539687,-89.28573651111114,7
31081,31,yucata¡n,tekom,20.4523139,-88.4135972,1
31084,31,yucata¡n,temax,21.1428055555556,-88.9605555555556,1
31085,31,yucata¡n,temoza³n,20.89335694444445,-88.0841916666667,2
31087,31,yucata¡n,tetiz,20.986763888888927,-89.98457638888888,4
31089,31,yucata¡n,ticul,20.32973472222225,-89.55202916666664,2
31090,31,yucata¡n,timucuy,20.831025,-89.51265833333333,1
31091,31,yucata¡n,tinum,20.8193889,-88.4770306,1
31093,31,yucata¡n,tixkokob,21.08097500058479,-89.31863976491229,19
31095,31,yucata¡n,tixpa©hual,20.9260333333333,-89.4080138888889,1
31096,31,yucata¡n,tizima­n,21.22365879713805,-87.69338977356904,66
31098,31,yucata¡n,tzucacab,19.967570025323,-89.0875538767442,43
31100,31,yucata¡n,ucaº,21.0405277777778,-89.7768611111111,1
31101,31,yucata¡n,uma¡n,20.92256018518518,-89.74280092592592,6
31102,31,yucata¡n,valladolid,20.696441269841273,-88.11230535714284,14
31104,31,yucata¡n,yaxcaba¡,20.529816865079376,-88.78569960317462,14
31105,31,yucata¡n,yaxkukul,21.06561018518519,-89.47558796296296,3
32001,32,zacatecas,apozol,21.461715032679734,-103.05098562091496,17
32002,32,zacatecas,apulco,21.393544444444444,-102.6634638888889,1
32003,32,zacatecas,atolinga,21.778538888888892,-103.45370883333334,16
32004,32,zacatecas,benito jua¡rez,21.487229841269844,-103.59743714285715,35
32007,32,zacatecas,concepcia³n del oro,24.440027222222238,-101.2194188888888,5
32008,32,zacatecas,cuauhta©moc,22.463082870370375,-102.38221666666658,6
32009,32,zacatecas,chalchihuites,23.39281481481483,-103.88330185185201,3
32010,32,zacatecas,fresnillo,23.21001444444444,-102.86082055555562,10
32011,32,zacatecas,trinidad garca­a de la cadena,21.23427863754789,-103.5035973141762,29
32012,32,zacatecas,genaro codina,22.486052150537635,-102.46540304659501,31
32014,32,zacatecas,general francisco r. murgua­a,23.984616666666675,-102.65096041666675,4
32015,32,zacatecas,el plateado de joaqua­n amaro,21.9460537037037,-103.03793055555566,3
32016,32,zacatecas,general pa¡nfilo natera,22.668244444444447,-102.13121666666666,1
32017,32,zacatecas,guadalupe,22.740080728472226,-102.50899998842596,48
32018,32,zacatecas,huanusco,21.776760185185168,-102.910552777778,3
32019,32,zacatecas,jalpa,21.687932776296297,-103.0190611111111,15
32020,32,zacatecas,jerez,22.672680000000007,-103.04588555555544,5
32021,32,zacatecas,jima©nez del teul,23.112375237962954,-104.02068305555542,12
32022,32,zacatecas,juan aldama,22.773145833333352,-103.2534625,2
32023,32,zacatecas,juchipila,21.862483796296317,-103.13593611111116,6
32024,32,zacatecas,loreto,21.889660185185175,-102.37797592592608,3
32025,32,zacatecas,luis moya,21.778573611111117,-102.75095416666673,2
32026,32,zacatecas,mazapil,23.809922916666675,-102.24696736111125,4
32027,32,zacatecas,melchor ocampo,23.3101277777778,-102.601048611111,2
32028,32,zacatecas,mezquital del oro,21.180017139716316,-103.3279094964539,47
32029,32,zacatecas,moyahua de estrada,21.0928888888889,-103.081333333333,1
32030,32,zacatecas,momax,21.9312076388889,-103.25941458333325,4
32031,32,zacatecas,monte escobedo,22.423512750142446,-103.47135144729344,39
32032,32,zacatecas,morelos,22.810347222222198,-102.60046150793671,7
32033,32,zacatecas,moyahua de estrada,21.177511707936507,-103.17113451984132,28
32034,32,zacatecas,nochistla¡n de meja­a,21.411839713513523,-102.88076343543553,37
32036,32,zacatecas,ojocaliente,22.59577979797979,-102.28247853535345,11
32038,32,zacatecas,pinos,22.299394444444452,-101.59542388888886,5
32039,32,zacatecas,ra­o grande,23.70644444444445,-102.94904548611112,8
32040,32,zacatecas,sain alto,23.549270370370365,-103.22920416666666,6
32042,32,zacatecas,sombrerete,23.31663722222222,-103.8082955555556,5
32043,32,zacatecas,susticaca¡n,22.6238694444444,-103.088233333333,1
32044,32,zacatecas,tabasco,21.919545138888896,-102.97731458333314,4
32045,32,zacatecas,tepechitla¡n,21.627197886956527,-103.36841172463774,46
32046,32,zacatecas,tepetongo,22.505657407407398,-103.20264861111116,6
32047,32,zacatecas,teaºl de gonza¡lez ortega,21.399563887687687,-103.44769023723728,37
32048,32,zacatecas,tlaltenango de sa¡nchez roma¡n,21.75285816498317,-103.2190795824916,66
32049,32,zacatecas,valparaa­so,22.70847439279514,-103.85106373437499,128
32050,32,zacatecas,vetagrande,22.807614583333333,-102.67491979166677,8
32051,32,zacatecas,villa de cos,23.473741534544427,-102.19896058547084,13
32052,32,zacatecas,villa garca­a,22.158698611111134,-101.96308888888878,2
32053,32,zacatecas,villa gonza¡lez ortega,22.550724305555544,-101.94620208333342,4
32054,32,zacatecas,villa hidalgo,22.341518055555547,-101.70023611111088,2
32055,32,zacatecas,villanueva,22.204290581481484,-102.89641838271605,18
32056,32,zacatecas,zacatecas,22.76879774247539,-102.57084256047818,158
32057,32,zacatecas,trancoso,22.748279861111126,-102.39161111111113,4
32058,32,zacatecas,santa mara­a de la paz,21.518086529444442,-103.30421071666663,20
